Supplier,Date,Transaksi,No.,Jatuh Tempo,Keterangan,Jumlah,Saldo
AGRES IT,14/04/2026	,Purchase Invoice,JKT-JKT01A-PC26042907	,13/06/2026,,143750000.0,143750000.0
AGRES IT,14/04/2026	,Purchase Invoice,JKT-JKT01A-NC26041699	,13/06/2026,,153750000.0,51250000.0
AGRES IT,15/04/2026	,Purchase Invoice,JKT-JKT01A-PC26042994	,14/06/2026,,84750000.0,84750000.0
AGRES IT,22/04/2026	,Purchase Invoice,JKT-JKT01A-PC26044186	,21/06/2026,MASUK,23700000.0,23700000.0
AGRES IT,09/05/2026	,Purchase Invoice,JKT-JKT01A-PC26051320	,08/07/2026,"KURANG 2 UNIT DI SURUH REKTUR

NXDT3SN001611002626X00	PR-LAP-AC-AL14-36P-C22J		ARIES BIMA	JKT01-DIS01

NXDT3SN001611002136X00	PR-LAP-AC-AL14-36P-C22J		ARIES BIMA	JKT01-DIS01",73080000.0,73080000.0
AGRES IT,18/05/2026	,Purchase Invoice,JKT-JKT01A-NC26052029	,17/07/2026,,38880000.0,38880000.0
AGRES IT,25/05/2026	,Purchase Invoice,JKT-JKT01A-PC26053324	,24/06/2026,MASUK,131250000.0,131250000.0
AGRES IT,01/06/2026	,Purchase Invoice,17722	,31/07/2026,,58320000.0,58320000.0
AGRES IT,08/06/2026	,Purchase Invoice,JKT-JKT01A-PC26060995	,29/06/2026,,35000000.0,35000000.0
AGUS (DORAN),01/04/2026	,Purchase Invoice,0420265240	,15/04/2026,,1290000.0,1290000.0
AGUS (DORAN),06/04/2026	,Purchase Invoice,17553	,05/07/2026,,5800000.0,5800000.0
AGUS (DORAN),06/04/2026	,Purchase Invoice,17554	,05/06/2026,TITIP BARANG AGUS,3890000.0,3890000.0
AGUS (DORAN),22/05/2026	,Purchase Invoice,052026167301	,21/06/2026,,90000.0,90000.0
AGUS (DORAN),23/05/2026	,Purchase Invoice,052026175914	,22/06/2026,,363600.0,363600.0
AGUS (DORAN),29/05/2026	,Purchase Invoice,052026217267	,28/06/2026,,2336000.0,2336000.0
AGUS (DORAN),08/06/2026	,Purchase Invoice,06202661090	,08/07/2026,,5614400.0,5614400.0
AGUS (DORAN),11/06/2026	,Purchase Invoice,06202687311	,11/07/2026,,10000000.0,10000000.0
AGUS (DORAN),12/06/2026	,Purchase Invoice,06202689708	,12/07/2026,,14799999.999996,14799999.999996
ANDY (JMK),18/05/2026	,Purchase Invoice,2605055	,17/06/2026,,31300000.0,31300000.0
ANDY (JMK),25/05/2026	,Purchase Invoice,2605081	,24/06/2026,,4320000.0,4320000.0
ANDY (JMK),05/06/2026	,Purchase Invoice,2606019	,05/07/2026,,1125000.0,1125000.0
ANDY (JMK),09/06/2026	,Purchase Invoice,2606034	,09/07/2026,ADA YANG KURANG ,3042500.0,3042500.0
BETA COM,26/05/2026	,Purchase Invoice,FK 5217	,25/06/2026,,2850000.0,2850000.0
BETA COM,02/06/2026	,Purchase Invoice,FK 5262	,02/07/2026,MASUK,31675000.0,31675000.0
BETA COM,05/06/2026	,Purchase Invoice,FK5320	,05/07/2026,,16800000.0,16800000.0
BETA COM,08/06/2026	,Purchase Invoice,FK 5335	,08/07/2026,,15705000.0,15705000.0
BETA COM,09/06/2026	,Purchase Invoice,FK 5352	,09/07/2026,,21696000.0,21696000.0
BETA COM,11/06/2026	,Purchase Invoice,FK 5384	,11/07/2026,,6330000.0,6330000.0
BETA COM,15/06/2026	,Purchase Invoice,FK5415	,15/07/2026,,4172000.0,4172000.0
CANDRA (BLESSING),11/04/2026	,Purchase Invoice,KRM2604.0003	,10/06/2026,"AGUS

KONSINYASI

masuk

- ASUS E410 8 256 SN :









T3N0CX000376105








T5N0CX01N87419A

T5N0CX01P118195 

T5N0CX014931198


T5N0CX01N858197
T5N0CX01P318198
T5N0CX01Y402190 












",134050000.0,134050000.0
CANDRA (BLESSING),26/05/2026	,Purchase Invoice,JL.2605.06234	,25/06/2026,MASUK ,10769999.999999,10769999.999999
CANDRA (BLESSING),26/05/2026	,Purchase Invoice,JL.2605.06405	,25/06/2026,MASUK ,9340000.0,9340000.0
CANDRA (BLESSING),26/05/2026	,Purchase Invoice,JL.2605.06475	,25/06/2026,MASUK ,30100000.0,30100000.0
CANDRA (BLESSING),27/05/2026	,Purchase Invoice,JL.2605.06529	,26/06/2026,MASUK ,8890000.0,8890000.0
CANDRA (BLESSING),28/05/2026	,Purchase Invoice,JL.2605.06762	,27/06/2026,MASUK ,18980000.000001,18980000.000001
CANDRA (BLESSING),30/05/2026	,Purchase Invoice,JL.2605.07309	,29/06/2026,MASUK ,13274999.999999,13274999.999999
CANDRA (BLESSING),01/06/2026	,Purchase Invoice,JL.2606.00187	,01/07/2026,MASUK ,4050000.0,3976875.0
CANDRA (BLESSING),01/06/2026	,Purchase Invoice,JL.2606.00163	,01/07/2026,MASUK ,14360000.0,14360000.0
CANDRA (BLESSING),02/06/2026	,Purchase Invoice,JL.2606.00484	,02/07/2026,MASUK ,1500000.0,1500000.0
CANDRA (BLESSING),02/06/2026	,Purchase Invoice,JL.2606.00451	,02/07/2026,MASUK ,925000.0,825000.0
CANDRA (BLESSING),02/06/2026	,Purchase Invoice,JL.2606.00452	,02/07/2026,MASUK ,925000.0,803125.0
CANDRA (BLESSING),02/06/2026	,Purchase Invoice,JL.2606.00396	,02/07/2026,MASUK ,925000.0,827500.0
CANDRA (BLESSING),03/06/2026	,Purchase Invoice,JL.2606.00612	,03/07/2026,MASUK ,2465000.0,2465000.0
CANDRA (BLESSING),03/06/2026	,Purchase Invoice,JL.2606.00651	,03/07/2026,MASUK ,1845000.0,1845000.0
CANDRA (BLESSING),03/06/2026	,Purchase Invoice,JL.2606.00768	,03/07/2026,MASUK ,13290000.0,13290000.0
CANDRA (BLESSING),03/06/2026	,Purchase Invoice,JL.2606.00613	,03/07/2026,MASUK ,3680000.0,3411875.0
CANDRA (BLESSING),04/06/2026	,Purchase Invoice,JL.2606.01128	,04/07/2026,MASUK,37000000.000002,37000000.000002
CANDRA (BLESSING),05/06/2026	,Purchase Invoice,JL.2606.01270	,05/07/2026,MASUK,10990000.0,10990000.0
CANDRA (BLESSING),05/06/2026	,Purchase Invoice,JL.2606.01291	,05/07/2026,MASUK,7290000.0,7090000.0
CANDRA (BLESSING),05/06/2026	,Purchase Invoice,JL.2606.01354	,05/07/2026,MASUK,1895000.0,1695000.0
CANDRA (BLESSING),08/06/2026	,Purchase Invoice,JL.2606.02028	,08/07/2026,MASUK ,11980000.0,11687500.0
CANDRA (BLESSING),08/06/2026	,Purchase Invoice,JL.2606.02029	,08/07/2026,MASUK ,11980000.0,11980000.0
CANDRA (BLESSING),08/06/2026	,Purchase Invoice,JL.2606.02032	,08/07/2026,MASUK ,11979999.999999,11979999.999999
CANDRA (BLESSING),08/06/2026	,Purchase Invoice,JL.2606.02176	,08/07/2026,MASUK ,8840000.0,8840000.0
CANDRA (BLESSING),09/06/2026	,Purchase Invoice,JL.2606.02370	,09/07/2026,MASUK ,15580000.0,15580000.0
CANDRA (BLESSING),09/06/2026	,Purchase Invoice,JL.2606.02376	,23/06/2026,MASUK ,4410000.0,4410000.0
CANDRA (BLESSING),09/06/2026	,Purchase Invoice,JL.2606.02607	,09/07/2026,MASUK ,5455000.0,5455000.0
CANDRA (BLESSING),10/06/2026	,Purchase Invoice,JL.2606.02893	,24/06/2026,masuk ,112000.0,112000.0
CANDRA (BLESSING),10/06/2026	,Purchase Invoice,JL.2606.02697	,24/06/2026,masuk ,2860000.0,2860000.0
CANDRA (BLESSING),11/06/2026	,Purchase Invoice,JL.2606.02982	,25/06/2026,masuk ,4896000.0,4896000.0
CANDRA (BLESSING),11/06/2026	,Purchase Invoice,JL.2606.03219	,25/06/2026,masuk ,1750000.0,1750000.0
CANDRA (BLESSING),11/06/2026	,Purchase Invoice,JL.2606.03184	,25/06/2026,masuk ,399000.0,399000.0
CANDRA (BLESSING),11/06/2026	,Purchase Invoice,JL.2606.03000	,25/06/2026,masuk ,4425000.0,4425000.0
CANDRA (BLESSING),12/06/2026	,Purchase Invoice,JL.2606.03257	,12/07/2026,masuk ,22470000.0,22470000.0
CANDRA (BLESSING),12/06/2026	,Purchase Invoice,JL.2606.03385	,12/07/2026,masuk ,29520000.0,29520000.0
CANDRA (BLESSING),12/06/2026	,Purchase Invoice,JL.2606.03386	,12/07/2026,masuk ,10770000.0,9161250.0
CANDRA (BLESSING),12/06/2026	,Purchase Invoice,JL.2606.03419	,26/06/2026,masuk ,8640000.0,8640000.0
CANDRA (BLESSING),12/06/2026	,Purchase Invoice,JL.2606.03492	,26/06/2026,masuk ,1693000.0,1693000.0
CANDRA (BLESSING),13/06/2026	,Purchase Invoice,JL.2606.03547	,13/07/2026,MASUK ,10770000.0,10770000.0
CANDRA (BLESSING),13/06/2026	,Purchase Invoice,JL.2606.03668	,13/07/2026,masuk ,10990000.0,10990000.0
CANDRA (BLESSING),13/06/2026	,Purchase Invoice,JL.2606.03627	,13/07/2026,BELUM MASUK,4116000.0,4116000.0
CANDRA (BLESSING),13/06/2026	,Purchase Invoice,JL.2606.03672	,13/07/2026,masuk ,4116000.0,4116000.0
CANDRA (BLESSING),15/06/2026	,Purchase Invoice,JL.2606.03947	,29/06/2026,masuk ,3710000.0,3710000.0
CANDRA (BLESSING),15/06/2026	,Purchase Invoice,JL.2606.03874	,15/07/2026,masuk ,28770000.0,28770000.0
CANDRA (BLESSING),15/06/2026	,Purchase Invoice,JL.2606.03827	,15/07/2026,masuk ,3590000.0,3590000.0
CANDRA (BLESSING),15/06/2026	,Purchase Invoice,JL.2606.03808	,15/07/2026,masuk ,6089999.999999,6089999.999999
CANDRA (BLESSING),15/06/2026	,Purchase Invoice,JL.2606.03806	,15/07/2026,masuk ,12790000.000001,12790000.000001
CANDRA (BLESSING),15/06/2026	,Purchase Invoice,JL.2606.03805	,15/07/2026,masuk ,12390000.0,12390000.0
CANDRA (BLESSING),15/06/2026	,Purchase Invoice,JL.2606.03801	,15/07/2026,,17890000.0,17890000.0
CANDRA (BLESSING),18/06/2026	,Purchase Invoice,JL.2606.04075	,18/07/2026,BELUM MASUK ,10290000.0,10290000.0
CANDRA (BLESSING),18/06/2026	,Purchase Invoice,JL.2606.04076	,18/07/2026,BELUM MASUK ,9250000.0,9250000.0
CANDRA (BLESSING),18/06/2026	,Purchase Invoice,JL.2606.04079	,18/07/2026,BELUM MASUK ,29499999.999998,29499999.999998
CANDRA (BLESSING),18/06/2026	,Purchase Invoice,JL.2606.04078	,18/07/2026,BELUM MASUK ,3554000.0,3554000.0
CANDRA (BLESSING),18/06/2026	,Purchase Invoice,JL.2606.04080	,18/07/2026,BELUM MASUK ,13980000.0,13980000.0
CANDRA (BLESSING),18/06/2026	,Purchase Invoice,JL.2606.04086	,02/07/2026,BELUM MASUK ,5250000.0,5250000.0
CANDRA (BLESSING),18/06/2026	,Purchase Invoice,JL.2606.04201	,18/07/2026,BELUM MASUK ,11580000.0,11580000.0
CANDRA (BLESSING),18/06/2026	,Purchase Invoice,PJL-26-06-00351	,18/07/2026,BELUM MASUK ,6605000.000001,6605000.000001
CANDRA (BLESSING),19/06/2026	,Purchase Invoice,JL.2606.04549	,03/07/2026,"BELUM MASUK 

",2775000.0,2775000.0
CANDRA (BLESSING),20/06/2026	,Purchase Invoice,JL.2606.04551	,20/07/2026,BELUM MASUK ,10990000.0,10990000.0
CANDRA (BLESSING),20/06/2026	,Purchase Invoice,JL.2606.04550	,20/07/2026,BELUM MASUK ,34739999.999999,34739999.999999
CANDRA (BLESSING),20/06/2026	,Purchase Invoice,JL.2606.04614	,20/07/2026,BELUM MASUK ,12790000.000001,12790000.000001
CANDRA (BLESSING),20/06/2026	,Purchase Invoice,JL.2606.04626	,20/07/2026,BELUM MASUK ,12390000.0,12390000.0
DWI DUTA SARANA COMPUTER SURABAYA,08/06/2026	,Purchase Invoice,26061068	,08/07/2026,,9395000.0,9395000.0
DWI DUTA SARANA COMPUTER SURABAYA,09/06/2026	,Purchase Invoice,17718	,09/07/2026,,7488000.0,7488000.0
DWI DUTA SARANA COMPUTER SURABAYA,12/06/2026	,Purchase Invoice,26061060	,22/06/2026,,812000.0,812000.0
EDISON ATK,13/04/2026	,Purchase Invoice,JL202600001824	,12/06/2026,,15120000.0,15120000.0
EDISON ATK,28/04/2026	,Purchase Invoice,JL202600001837	,27/06/2026,,4492800.0,4492800.0
EDISON ATK,13/05/2026	,Purchase Invoice,JL202600002154	,12/07/2026,,12555200.0,12555200.0
EDISON ATK,09/06/2026	,Purchase Invoice,JL202600002649	,08/08/2026,,412000.0,412000.0
ELMI,08/06/2026	,Purchase Invoice,JK/26/06/0050	,29/06/2026,MASUK ,15600000.0,15600000.0
ELMI,09/06/2026	,Purchase Invoice,JK/26/06/0086	,09/07/2026,,29400000.0,29400000.0
GUDANG AKSESORIES SURABAYA (KURNIAWAN),11/04/2026	,Purchase Invoice,7075	,10/06/2026,BAYAR ,22745500.0,17545500.0
GUDANG AKSESORIES SURABAYA (KURNIAWAN),29/04/2026	,Purchase Invoice,7114	,28/06/2026,BAYAR ,6000000.0,6000000.0
GUDANG AKSESORIES SURABAYA (KURNIAWAN),20/05/2026	,Purchase Invoice,7148	,19/07/2026,BAYAR ,3220000.0,2794000.0
IP COM TOKO,22/05/2026	,Purchase Invoice,JL0000003508	,21/06/2026,,3150000.0,3150000.0
IP COM TOKO,05/06/2026	,Purchase Invoice,JL0000003581	,05/07/2026,"MASUK

VIA LION PARCEL",525000.0,525000.0
KETUT DUARAYASA SUPLAYER,18/06/2026	,Purchase Invoice,17749	,02/07/2026,BELUM MASUK ,18145000.0,18145000.0
KO AMIN PIGURA,19/07/2024	,Purchase Invoice,15696	,18/08/2024,HITAM SMUA ,1263500.0,1263500.0
LILI (PLATINUM),18/05/2026	,Purchase Invoice,17679	,17/06/2026,,930000.0,930000.0
LILI (PLATINUM),20/05/2026	,Purchase Invoice,002425	,19/06/2026,,1200000.0,1200000.0
LILI (PLATINUM),20/05/2026	,Purchase Invoice,002419	,19/06/2026,,800000.0,800000.0
LILI (PLATINUM),20/05/2026	,Purchase Invoice,002426	,19/06/2026,,800000.0,800000.0
LILI (PLATINUM),20/05/2026	,Purchase Invoice,002422	,19/06/2026,,3250000.0,3250000.0
LILI (PLATINUM),21/05/2026	,Purchase Invoice,002424	,20/06/2026,,21600000.0,21600000.0
LILI (PLATINUM),22/05/2026	,Purchase Invoice,002427	,21/06/2026,,13564000.0,13564000.0
LILI (PLATINUM),23/05/2026	,Purchase Invoice,002428	,22/06/2026,MASUK ,2940000.0,2940000.0
LILI (PLATINUM),25/05/2026	,Purchase Invoice,002430	,24/06/2026,,3300000.0,3300000.0
LILI (PLATINUM),28/05/2026	,Purchase Invoice,002431	,27/06/2026,,1200000.0,1200000.0
LILI (PLATINUM),29/05/2026	,Purchase Invoice,002432	,29/06/2026,"MASUK 
",18207500.0,18207500.0
LILI (PLATINUM),30/05/2026	,Purchase Invoice,002433	,30/06/2026,,6937500.0,6937500.0
LILI (PLATINUM),04/06/2026	,Purchase Invoice,002435	,04/07/2026,,4440000.0,4440000.0
LILI (PLATINUM),05/06/2026	,Purchase Invoice,002437	,05/07/2026,,6375000.0,6375000.0
LILI (PLATINUM),06/06/2026	,Purchase Invoice,002438	,06/07/2026,,570000.0,570000.0
LILI (PLATINUM),10/06/2026	,Purchase Invoice,002440	,10/07/2026,MASUK,1120000.0,1120000.0
LILI (PLATINUM),13/06/2026	,Purchase Invoice,002441	,13/07/2026,,835000.0,835000.0
LILI (PLATINUM),13/06/2026	,Purchase Invoice,002439	,13/07/2026,,8040000.0,8040000.0
LILI (PLATINUM),15/06/2026	,Purchase Invoice,002442	,15/07/2026,,2310000.0,2310000.0
PIGURA KITA ( AMIN ),10/04/2026	,Purchase Invoice,17600	,10/05/2026,,7425000.0,7425000.0
PIGURA KITA ( AMIN ),11/05/2026	,Purchase Invoice,PG001676	,10/06/2026,,7425000.0,7425000.0
PRIYO (K GALAXY),03/06/2026	,Purchase Invoice,00714627_036	,17/06/2026,,5230000.0,5230000.0
PRIYO (K GALAXY),08/06/2026	,Purchase Invoice,00714882_036	,22/06/2026,,4550000.0,4550000.0
PRIYO (K GALAXY),09/06/2026	,Purchase Invoice,17734	,23/06/2026,,2725000.0,2725000.0
PRIYO (K GALAXY),11/06/2026	,Purchase Invoice,00715117_036	,25/06/2026,,8235000.0,8235000.0
PT CIPTA KARYA NUSANTARA ANDRE,11/05/2026	,Purchase Invoice,17643	,10/07/2026,,13125000.0,13125000.0
PT CIPTA KARYA NUSANTARA ANDRE,25/05/2026	,Purchase Invoice,26/6/00017	,24/07/2026,,4100000.0,4100000.0
PT DINAMIKA PERKASA JAYA,21/05/2026	,Purchase Invoice,ng2026/0444	,20/06/2026,"masuk 

BAYAR",61500000.0,39000000.0
PT SAMAMAJU PRIMA NTB,15/06/2026	,Purchase Invoice,D/26/03142/NTB	,29/06/2026,,17685000.0,17685000.0
PT SAMAMAJU PRIMA NTB,19/06/2026	,Purchase Invoice,D/26/03172/NTB	,03/07/2026,BELUM MASUK ,11175000.0,11175000.0
PT. INDO WARNA MULIA ( ALFA INK ),23/04/2026	,Purchase Invoice,JN-N/SBY//230426/005	,23/05/2026,parfum ,2928000.0,2928000.0
PT. INDO WARNA MULIA ( ALFA INK ),18/05/2026	,Purchase Invoice,JN-n/SBY//180526/002	,17/06/2026,,3750000.0,3750000.0
PT. INDO WARNA MULIA ( ALFA INK ),21/05/2026	,Purchase Invoice,JN-S/SBY/P02/210526/002	,20/06/2026,,1395000.0,1395000.0
PT. INDO WARNA MULIA ( ALFA INK ),21/05/2026	,Purchase Invoice,JN-N/SBY//210526/001	,20/06/2026,,5580000.0,5580000.0
PT. INDO WARNA MULIA ( ALFA INK ),30/05/2026	,Purchase Invoice,JN-N/SBY//300526/013	,29/06/2026,,1999200.0,1999200.0
PT. INDO WARNA MULIA ( ALFA INK ),30/05/2026	,Purchase Invoice,JN-N/SBY//300526/012	,29/06/2026,,5890600.0,5890600.0
PT. INDO WARNA MULIA ( ALFA INK ),30/05/2026	,Purchase Invoice,JN-N/SBY//300526/004	,29/06/2026,,8835900.0,8835900.0
PT. INDO WARNA MULIA ( ALFA INK ),09/06/2026	,Purchase Invoice,JN-N/SBY//090626/006	,09/07/2026,,899100.0,899100.0
PT. Surya Makmur Kreasindo (HJ),21/05/2026	,Purchase Invoice,PJL-26-05-00300	,20/06/2026,"MASUK 

BAYAR ",20910000.000002,20910000.000002
PT. Surya Makmur Kreasindo (HJ),25/05/2026	,Purchase Invoice,PJL-26-05-00375	,24/06/2026,MASUK ,31350000.0,31350000.0
PT. Surya Makmur Kreasindo (HJ),29/05/2026	,Purchase Invoice,PJL-26-05-00462	,28/06/2026,MASUK ,26940000.0,26940000.0
PT. Surya Makmur Kreasindo (HJ),02/06/2026	,Purchase Invoice,PJL-26-06-00011	,02/07/2026,MASUK ,12240000.0,12240000.0
PT. Surya Makmur Kreasindo (HJ),04/06/2026	,Purchase Invoice,PJL-26-06-00080	,04/07/2026,MASUK ,8200000.0,8200000.0
PT. Surya Makmur Kreasindo (HJ),04/06/2026	,Purchase Invoice,PJL-26-06-00081	,04/07/2026,MASUK ,7290000.0,7290000.0
PT. Surya Makmur Kreasindo (HJ),06/06/2026	,Purchase Invoice,PJL-26-06-00118	,06/07/2026,,19320000.0,19320000.0
PT. Surya Makmur Kreasindo (HJ),08/06/2026	,Purchase Invoice,PJL-26-06-00157	,08/07/2026,MASUK ,7599999.999999,7599999.999999
PT. Surya Makmur Kreasindo (HJ),08/06/2026	,Purchase Invoice,PJL-26-06-00152	,08/07/2026,MASUK ,7285000.0,7285000.0
PT. Surya Makmur Kreasindo (HJ),10/06/2026	,Purchase Invoice,PJL-26-06-00220	,10/07/2026,masuk ,35100000.0,35100000.0
PT. Surya Makmur Kreasindo (HJ),18/06/2026	,Purchase Invoice,PJL-26-06-00361	,18/07/2026,BELUM MASUK ,38100000.0,38100000.0
WULAN (DISCOUNT NOTEBOOK),11/06/2026	,Purchase Invoice,ONLINE SBY / INV/2026/108055	,11/07/2026,,1736500.0,1736500.0
YULI (HP CENTRE),30/05/2026	,Purchase Invoice,JL5526050830	,29/06/2026,MASUK ,4650000.0,4650000.0
YULI (HP CENTRE),03/06/2026	,Purchase Invoice,JL5526060065	,03/07/2026,"JATUH TEMPO DALAM NOTA 14 HARI, HARUSNYA 30 HARI, SUDAH KONFIRM KE PAK YULI.",38450000.000002,38450000.000002
YULI (HP CENTRE),03/06/2026	,Purchase Invoice,JL5526060064	,03/07/2026,MASUK,5580000.0,5580000.0
YULI (HP CENTRE),03/06/2026	,Purchase Invoice,JL5526060067	,03/07/2026,MASUK,10500000.0,10500000.0
YULI (HP CENTRE),04/06/2026	,Purchase Invoice,JL5526060110	,04/07/2026,MASUK,1330000.0,1330000.0
YULI (HP CENTRE),12/06/2026	,Purchase Invoice,JL5526060392	,12/07/2026,,3166000.0,3166000.0
