Kode Produk,Nama Produk,Kuantitas Terjual,Kuantitas Retur,Satuan,Total Nilai terjual,Total Nilai Retur,Harga Penjualan Rata-rata
	,* ACER ASPIRE GO 14 AG14-72P INTEL CORE 5 120U 8GB DDR4 512GB SSD WIN 11,4.0,0.0,UNIT,33693693.693693995,0.0,8423423.423423499
	,* ACER ASPIRE LITE 14 AL14 i3 N355 8GB 256GB SSD WIN 11,5.0,0.0,UNIT,24729729.729730003,0.0,4945945.9459460005
	,* ACER ASPIRE LITE AL14 N150 8GB 256GB SSD WIN 11 #,12.0,0.0,UNIT,57972972.97297197,0.0,4831081.081080997
	,* ACER ASPIRE LITE AL14 N150 8GB 512GB SSD WIN 11,17.0,0.0,UNIT,104729729.72972696,0.0,6160572.337042762
	,* ACER ASPIRE LITE AL14-32P-3S16 INTEL CORE 3 N355 16GB DDR5 512GB SSD WIN 11,2.0,0.0,UNIT,13468468.468469001,0.0,6734234.234234501
	,* ADAPTOR AXIOO HYPE 10,1.0,0.0,PCS,90090.09009,0.0,90090.09009
	,* ADAPTOR AXIOO HYPE 1 12V 2A,2.0,0.0,PCS,270270.27027,0.0,135135.135135
	,"* AIO ASUS A3202WBAK INTEL 7305 8GB 256GB SSD 21,5"" WIN 11",4.0,0.0,UNIT,19459459.459459998,0.0,4864864.864864999
	,"* AIO ASUS P440VAK i3 - 1315U 8GB DDR5 512GB SSD 23,8' WIN 11",1.0,0.0,UNIT,6891891.891891999,0.0,6891891.891891999
	,"* AIO HP PRO ONE 240 G10 CORE I3 - N300 8GB 512GB SSD 23.8"" WIN 11",1.0,0.0,UNIT,7477477.477476999,0.0,7477477.477476999
	,* AIO LENOVO A100 INTEL N100 8GB DDR4 512GB SSD WIN 11,12.0,0.0,UNIT,62252252.25225,0.0,5187687.6876875
	,* ALFA INK ART PAPER BLACK,1.0,0.0,PCS,90090.09009,0.0,90090.09009
	,* ALFA INK KERTAS THERMAL 80 X 80,5.0,0.0,PCS,54054.05405499999,0.0,10810.810811
	,* ASUS GAMING V16 V3607VU INTEL CORE 7 - 240H 16GB DDR5 512GB SSD RTX4050 6GB WIN 11,1.0,0.0,UNIT,16621621.621622,0.0,16621621.621622
	,* ASUS TUF A15 FA506NCG AMD RYZEN 7 7745HS 8GB 512GB SSD RTX3050 4GB WIN 11,1.0,0.0,UNIT,12522522.522522999,0.0,12522522.522522999
	,* ASUS TUF Gaming A15 FA506NCG AMD Ryzen 7 7445HS 16GB DDR5 512GB RTX3050 4GB W11,1.0,0.0,UNIT,11711711.711712,0.0,11711711.711712
	,* ASUS VIVOBOOK 14 A1404VA VIP Ci7-1355U 16GB 512GB SSD WIN 11 #,1.0,0.0,UNIT,11801801.801802002,0.0,11801801.801802002
	,* ASUS VIVOBOOK 14 A1404VAP - VIPS INTEL CORE 5 120U 16GB 512GB SSD WIN 11,3.0,0.0,UNIT,27927927.927928,0.0,9309309.309309334
	,* ASUS VIVOBOOK 14 A1404VAP - VIPS INTEL CORE 5 120U 8GB 512GB SSD WIN 11,1.0,0.0,UNIT,7657657.657658,0.0,7657657.657658
	,* ASUS VIVOBOOK 14 E410KA N4500 8GB 256GB SSD WIN 11,11.0,0.0,UNIT,56621621.62162097,0.0,5147420.147420088
	,* ASUS VIVOBOOK GO 14 E1404FA - FHD AMD RYZEN 3 7320U 8GB 512GB SSD WIN 11 #,10.0,0.0,UNIT,66779799.029799186,0.0,6677979.902979919
	,* ASUS VIVOBOOK GO 14 E1404FA AMD RYZEN 5 7520U 16GB 512GB SSD WIN 11,12.0,0.0,UNIT,98910738.95981959,0.0,8242561.579984966
	,* ASUS VIVOBOOK GO 14 E1404FA FHD AMD RYZEN 3 7320U 8 256GB SSD WIN 11 #,2.0,0.0,UNIT,11531531.531532,0.0,5765765.765766
	,* ASUS VIVOBOOK GO 14 E1404FA FHD AMD RYZEN 5 7520U 8 512GB SSD WIN 11 #,2.0,0.0,UNIT,14909909.90991,0.0,7454954.954955
	,* ASUS VIVOBOOK GO 14 E1404GA Ci3-N305 8GB 512GB SSD WIN 11 #,1.0,0.0,UNIT,5675675.675676,0.0,5675675.675676
	,* ASUS VIVOBOOK GO 14 E1404GA FHD Ci3 N305 8GB 256GB SSD WIN 11 #,1.0,0.0,UNIT,5360360.36036,0.0,5360360.36036
	,* ASUS VIVOBOOK GO 14 E410KA FHD N4500 8GB 512GB SSD WIN 11,1.0,0.0,UNIT,4729729.72973,0.0,4729729.72973
	,* AUTO SHEET FEEDER FOR G1010 / G2010,2.0,0.0,UNIT,720720.72072,0.0,360360.36036
	,"* AXIOO HYPE 1 N4020 4GB 128GB WIN 11 14"" #",20.0,0.0,PCS,68378378.37837687,0.0,3418918.9189188434
	,* AXIOO HYPE 10 INTEL N4020 8 256 #,7.0,0.0,UNIT,29414414.414412953,0.0,4202059.202058993
	,* AXIOO HYPE 3 (G11) INTEL CORE i3 -  1125G4 8GB 256GB SSD,9.0,0.0,UNIT,52700000.0,0.0,5855555.555555556
	,* AXIOO HYPE 5 RYZEN 5 3500 8GB 256GB @,4.0,0.0,UNIT,17252252.252251003,0.0,4313063.063062751
	,* AXIOO MYBOOK HYPE 5 AMD X3 RYZEN 5 3500U 8 256GB SSD WIN 11 #,11.0,0.0,UNIT,59585585.58559,0.0,5416871.416871818
	,* BINDER CLIP NO. 111,2.0,0.0,PCS,12612.612612,0.0,6306.306306
	,* BINGKAI FOTO 12R,16.0,0.0,PCS,756756.75676,0.0,47297.2972975
	,* BLUEPRINT KERTAS FOTO MATAHARI 230GR,99.0,0.0,PCS,2197297.297341,0.0,22194.922195363633
	,* BROTHER DCP L2540 DW,1.0,0.0,UNIT,3153153.153153,0.0,3153153.153153
	,* CATRIDGE CANON BH7,3.0,0.0,PCS,945945.945945,0.0,315315.315315
	,* CATRIDGE EPSON LQ 2190 #,3.0,0.0,PCS,513513.513513,0.0,171171.171171
	,* DOUBLE TAPE TIPIS NACHI 24MM 5 METER,4.0,0.0,PCS,28828.828828,0.0,7207.207207
	,* FD LEXAR JUMP DRIVE V40 64GB,2.0,0.0,PCS,144144.144144,0.0,72072.072072
	,"* HDD EXTERNAL 2TB  SEAGATE 2,5""",1.0,0.0,PCS,1441441.441441,0.0,1441441.441441
	,* HP 14 INTEL CORE i3 - 1315U 8GB DDR4 512GB SSD WIN 11,6.0,0.0,UNIT,42388231.98198155,0.0,7064705.330330259
	,* HP 14S DC N4500 14' 4GB 512GB SSD WIN 11,1.0,0.0,UNIT,4459459.459459,0.0,4459459.459459
	,* JOYCO CALCULATOR CC - 27 12 DIGIT,1.0,0.0,PCS,99099.099099,0.0,99099.099099
	,* KABEL HDMI 25 METER 4K,1.0,0.0,PCS,184684.684685,0.0,184684.684685
	,* KERTAS BUFFALO PUTIH,1.0,0.0,PCS,21621.621622,0.0,21621.621622
	,* KERTAS THERMAL 57 X 38 MM (EDC),210.0,0.0,PCS,558558.55863,0.0,2659.802660142857
	,* KEYBOARD AXIOO 11G,1.0,0.0,PCS,315315.315315,0.0,315315.315315
	,* KEYBOARD AXIOO MY BOOK 14F,1.0,0.0,PCS,261261.26126099998,0.0,261261.26126099998
	,* LCD CLEANER KIT 4 IN 1,1.0,0.0,PCS,36036.036036,0.0,36036.036036
	,"* LED ACER 21,5 EK221QE3BI IPS FHD",2.0,0.0,PCS,2163513.513514,0.0,1081756.756757
	,"* LED LENOVO 21,5 L22e-40 VA(1920X1080) 100Hz",1.0,0.0,UNIT,1036036.0360360001,0.0,1036036.0360360001
	,* LED MSI PRO MP225V 22 FHD 100HZ,1.0,0.0,UNIT,1036036.0360360001,0.0,1036036.0360360001
	,* LENOVO IdeaPad Slim 3 14IRU8  Intel Core i3-1315U 8GB 256GB SSD W11,5.0,0.0,UNIT,31081081.081082,0.0,6216216.2162164
	,* LENOVO IdeaPad Slim 3 14IRU8  Intel Core i3-1315U 8GB 512GB SSD W11,2.0,0.0,UNIT,13700000.0,0.0,6850000.0
	,* LENOVO V14 G4 7120U 8 256GB SSD WIN11 #,3.0,0.0,UNIT,15045045.045045,0.0,5015015.015015
	,* LENOVO V14 G4 AMN - 82YT010YID AMD ATHLON SILVER 7120U 8GB LPDDR5 256GB WIN 11,1.0,0.0,UNIT,5405405.405405,0.0,5405405.405405
	,* PRINTER CANON G1010,12.0,0.0,UNIT,12684684.684683997,0.0,1057057.0570569998
	,* PRINTER CANON G3730,5.0,0.0,UNIT,12387387.387385003,0.0,2477477.4774770006
	,* PRINTER CANON G2010 PSC,7.0,0.0,UNIT,11036036.036039002,0.0,1576576.5765770003
	,* PRINTER EPSON L121,7.0,0.0,UNIT,10112612.612612002,0.0,1444658.9446588573
	,* PRINTER EPSON L5290,1.0,0.0,UNIT,3603603.6036039996,0.0,3603603.6036039996
	,* PROJECTOR ACER BS 021A 4800 LUMENS,1.0,0.0,UNIT,4414414.414414,0.0,4414414.414414
	,* PROJECTOR EPSON EB-E01 3 LCD,1.0,0.0,UNIT,4954954.954955,0.0,4954954.954955
	,* PROJECTOR VIEW SONIC SP3 SVGA 4800 ANSI LUMENS,2.0,0.0,UNIT,8423423.423423,0.0,4211711.7117115
	,* ROBOT HUB USB H140-80,1.0,0.0,PCS,58558.558559,0.0,58558.558559
	,* ROBOT KEYBOARD RK20,2.0,0.0,PCS,180180.18018,0.0,90090.09009
	,* ROBOT MOUSE M130 WIRED MOUSE COLORFUL LED,1.0,0.0,PCS,45045.045045,0.0,45045.045045
	,* ROBOT RB290 SOUNDBAR BT,2.0,0.0,UNIT,333333.333334,0.0,166666.666667
	,* ROBOT RS180 MULTIMEDIA SPEAKER,3.0,0.0,UNIT,180180.180181,0.0,60060.06006033334
	,* SCANNER EPSON DS410,1.0,0.0,UNIT,4819819.81982,0.0,4819819.81982
	,* SIDU A3 70GSM,3.0,0.0,PCS,226126.126127,0.0,75375.37537566667
	,* STIKER NAMA UNDANGAN POLOS (103),294.0,0.0,PCS,743783.783922,0.0,2529.8768160612244
	,* TANG CRIMPING RJ45 BIASA,2.0,0.0,PCS,99099.099099,0.0,49549.5495495
	,* TINTA CANON ORI GI - 71 BLACK,33.0,0.0,PCS,3495495.4954999993,0.0,105924.10592424241
	,* TINTA CANON ORI GI - 71 C,2.0,0.0,PCS,196396.396396,0.0,98198.198198
	,* TINTA CANON ORI GI - 71 M,15.0,0.0,PCS,1477477.4774749998,0.0,98498.49849833333
	,* TINTA CANON ORI GI - 71 Y,25.0,0.0,PCS,2468468.468465,0.0,98738.73873859999
	,* TPLINK ROUTER TL WR840N,19.0,0.0,PCS,2936936.936935,0.0,154575.62825973684
	,* VOXY MOUSE WIRELESS E24,6.0,0.0,PCS,188360.1392811963,0.0,31393.35654686605
	,* VOXY MOUSE WIRELESS W800,9.0,0.0,PCS,328260.4370954164,0.0,36473.38189949071
	,*ACER GO 14 AG14 CORE ULTRA 5 125H 16GB 512GB,3.0,0.0,UNIT,31081081.081081,0.0,10360360.360360334
	,*ASUS GAMING K16 K3605VC Intel Core i5 13420H 16GB(2X8GB) 512GB SSD RTX 3050 4GB W11 Home,1.0,0.0,UNIT,10180180.18018,0.0,10180180.18018
	,*Acer Aspire Go 14 AG14 Core 5 120U 16GB(2x8) DDR4  512GB SSD W11,1.0,0.0,UNIT,9279279.279279,0.0,9279279.279279
	,*Acer Aspire Lite AL14 Core i5 13500H 16GB 512GB SSD W11,5.0,0.0,UNIT,41711711.711713,0.0,8342342.3423426
	,*LENOVO GAMING LOQ 15ARP10E AMD RYZEN 7 7735HS 16GB 512GB SSD RTX 3050 6GB WIN 11,1.0,0.0,UNIT,12342342.342342002,0.0,12342342.342342002
	,*LENOVO V14 G4 AMD RYZEN 3 7320U 8GB 256 GB SSD WIN 11 #,1.0,0.0,UNIT,7027027.027027,0.0,7027027.027027
	,*LENOVO V14 G5 Core i3 1315U 8GB DDR5 512GB SSD,2.0,0.0,UNIT,12342342.342342002,0.0,6171171.171171001
	,ACER ASPIRE AL A14 - 71M - 53XH INTEL CORE ULTRA 5 125 16GB 512GB WIN 11,1.0,0.0,UNIT,11100000.0,0.0,11100000.0
	,ACER ASPIRE LITE AL14 N150 8GB 256GB SSD WIN 11,6.0,0.0,UNIT,39700000.0,0.0,6616666.666666667
	,ACER ASPIRE LITE AL14 N4500 8GB 256GB SSD WIN 11,4.0,0.0,UNIT,25750000.0,0.0,6437500.0
	,ACER ASPIRE LITE AL14 N4500 8GB 512GB SSD WIN 11,19.0,0.0,UNIT,127100000.0,0.0,6689473.684210527
	,ACER ASPIRE LITE AL14 N4500 8GB 512GB SSD WIN 11 TP,2.0,0.0,UNIT,13400000.0,0.0,6700000.0
	,ACER ASPIRE LITE AL14-32P INTEL CORE 3 N355 8GB DDR5 256GB SSD WIN 11,3.0,0.0,UNIT,23500000.0,0.0,7833333.333333333
	,ACER ASPIRE LITE AL14-32P INTEL CORE 3 N355 8GB DDR5 512GB SSD WIN 11,7.0,0.0,UNIT,54950000.0,0.0,7850000.0
	,ADAPTER MEMORY,2.0,0.0,PCS,10000.0,0.0,5000.0
	,ADAPTOR / PSU EPSON L3110,1.0,0.0,PCS,250000.0,0.0,250000.0
	,ADAPTOR 5V 2A 3.5mm (LUBANG KECIL),1.0,0.0,PCS,65000.0,0.0,65000.0
	,ADAPTOR 5V LUBANG BESAR #,2.0,0.0,PCS,120000.0,0.0,60000.0
	,ADAPTOR 9V 2A LUBANG BESAR,1.0,0.0,PCS,60000.0,0.0,60000.0
	,ADAPTOR 9V 2A LUBANG KECIL,1.0,0.0,PCS,60000.0,0.0,60000.0
	,ADAPTOR ACER 12 - 3A 3.5 X 1.35 N100,1.0,0.0,PCS,250000.0,0.0,250000.0
	,ADAPTOR ACER 12V 2A (1410),1.0,0.0,PCS,200000.0,0.0,200000.0
	,ADAPTOR ACER 19V 2.1A (TO),1.0,0.0,PCS,150000.0,0.0,150000.0
	,"ADAPTOR ACER 19V 2.37A 5,5*1,7 LG",1.0,0.0,PCS,200000.0,0.0,200000.0
	,ADAPTOR ACER 19V 3.0*1.1 SWIFT,29.0,0.0,PCS,5095000.0,0.0,175689.6551724138
	,ADAPTOR ACER OR 19V 3.42A (KUNING),17.0,0.0,PCS,1890000.0,0.0,111176.4705882353
	,ADAPTOR ACER Z476,1.0,0.0,PCS,200000.0,0.0,200000.0
	,ADAPTOR ASUS 1.75A (USB),4.0,0.0,PCS,440000.0,0.0,110000.0
	,ADAPTOR ASUS 19V 2.37A (X441),26.0,0.0,PCS,4530000.0,0.0,174230.76923076922
	,ADAPTOR ASUS 19V 2.37A CL 4.5X30 VIVO,2.0,0.0,PCS,335000.0,0.0,167500.0
	,ADAPTOR ASUS 19V 3.42A (KT),1.0,0.0,PCS,200000.0,0.0,200000.0
	,"ADAPTOR ASUS 19V 3.42A CL VIVO 4,5 X 3.0",2.0,0.0,PCS,400000.0,0.0,200000.0
	,ADAPTOR ASUS 20V 325A CL TYPE C,1.0,0.0,PCS,160000.0,0.0,160000.0
	,ADAPTOR CCTV LG / SAMSUNG / DF12V #,12.0,0.0,PCS,815000.0,0.0,67916.66666666667
	,ADAPTOR DATAFAST 12V 5 A,1.0,0.0,PCS,60000.0,0.0,60000.0
	,ADAPTOR HP 19V 3.5A (BUNDAR JARUM),5.0,0.0,PCS,450000.0,0.0,90000.0
	,ADAPTOR HP BIRU 19.5V 3.33A,3.0,0.0,PCS,600000.0,0.0,200000.0
	,ADAPTOR LENOVO 20V 3.25A (S),3.0,0.0,PCS,600000.0,0.0,200000.0
	,ADAPTOR LENOVO TYPE C 20V 3.25A,2.0,0.0,PCS,450000.0,0.0,225000.0
	,ADAPTOR LENOVO USB 20V - 3.25A #,1.0,0.0,PCS,200000.0,0.0,200000.0
	,ADAPTOR MONITOR LG,2.0,0.0,PCS,350000.0,0.0,175000.0
	,ADAPTOR NVR,1.0,0.0,PCS,150000.0,0.0,150000.0
	,ADAPTOR TOSHIBA (ORI),2.0,0.0,PCS,345000.0,0.0,172500.0
	,ADVAN SOULMATE X1 L25D - DALI1 AMD ATHLON 3020E 4GB DDR4 128GB WIN 11,1.0,0.0,UNIT,3900000.0,0.0,3900000.0
	,"AIO ASUS A3202WBAK INTEL 7305 8GB 256GB SSD 21,5"" WIN 11 #",8.0,0.0,UNIT,50450000.0,0.0,6306250.0
	,AIO LENOVO A100 INTEL N100 8GB 512GB SSD 24 INCS WIN 11,2.0,0.0,UNIT,14300000.0,0.0,7150000.0
	,ALFA INK ART PAPER BLACK,2.0,0.0,PCS,200000.0,0.0,100000.0
	,ALFA INK CANON BLACK 100CC,258.0,0.0,PCS,7567000.0,0.0,29329.457364341084
	,ALFA INK CANON CYAN 100CC,79.0,0.0,PCS,2220000.0,0.0,28101.26582278481
	,ALFA INK CANON GI 71 BLACK,9.0,0.0,PCS,228000.0,0.0,25333.333333333332
	,ALFA INK CANON GI 71 CYAN,5.0,0.0,PCS,76000.0,0.0,15200.0
	,ALFA INK CANON GI 71 MAGENTA,5.0,0.0,PCS,76000.0,0.0,15200.0
	,ALFA INK CANON GI 71 YELLOW,5.0,0.0,PCS,76000.0,0.0,15200.0
	,ALFA INK CANON MAGENTA 100CC,81.0,0.0,PCS,2283000.0,0.0,28185.185185185186
	,ALFA INK CANON YELLOW 100CC,77.0,0.0,PCS,2164000.0,0.0,28103.896103896102
	,ALFA INK ECO TANK EPSON BLACK,21.0,0.0,PCS,847000.0,0.0,40333.333333333336
	,ALFA INK ECO TANK EPSON CYAN,4.0,0.0,PCS,158000.0,0.0,39500.0
	,ALFA INK ECO TANK EPSON MAGENTA,5.0,0.0,PCS,203000.0,0.0,40600.0
	,ALFA INK ECO TANK EPSON YELLOW,4.0,0.0,PCS,158000.0,0.0,39500.0
	,ALFA INK KERTAS FOTO GLOSSY LITE A4 210 GSM,4.0,0.0,PCS,72000.0,0.0,18000.0
	,ALFA INK KERTAS FOTO RC SATIN 260G,5.0,0.0,PCS,225000.0,0.0,45000.0
	,ALFA INK KERTAS FOTO SILKY GLOSSY,111.0,0.0,PCS,5225000.0,0.0,47072.07207207207
	,ALFA INK KERTAS FOTO STIKER GLOSSY LITE 125GSM,4.0,0.0,PCS,80000.0,0.0,20000.0
	,ALFA INK KERTAS THERMAL 80 X 80,90.0,0.0,PCS,1080000.0,0.0,12000.0
	,ALFA INK L SERIES EPSON BLACK,12.0,0.0,PCS,437000.0,0.0,36416.666666666664
	,ALFA INK L SERIES EPSON CYAN,4.0,0.0,PCS,151000.0,0.0,37750.0
	,ALFA INK L SERIES EPSON MAGENTA,6.0,0.0,PCS,229000.0,0.0,38166.666666666664
	,ALFA INK L SERIES EPSON YELLOW,3.0,0.0,PCS,111000.0,0.0,37000.0
	,ALFA INK LEM KERTAS PVAC PUTIH 150 GR,1.0,0.0,PCS,10000.0,0.0,10000.0
	,ALFA INK PAPER THERMAL 57 X 30,70.0,0.0,PCS,125000.0,0.0,1785.7142857142858
	,ALFA INK PARFUM KUNING GLITER GOLDEN SUNSET,1.0,0.0,PCS,35000.0,0.0,35000.0
	,ALFA INK TINTA STEMPEL FLASH 10 ML,1.0,0.0,PCS,9000.0,0.0,9000.0
	,ALFA INK TONER 100 GRAM HP,2.0,0.0,PCS,110000.0,0.0,55000.0
	,ALFA INK TONER BROTHER 500 GRAM,7.0,0.0,PCS,1272000.0,0.0,181714.2857142857
	,ALFA KERTAS THERMAL 57 X 38,40.0,0.0,PCS,120000.0,0.0,3000.0
	,AMPLOP PANJANG POLOS MAMBO,2.0,0.0,PCS,50000.0,0.0,25000.0
	,AMPLOP PAPER LINE ( LEM ),2.0,0.0,KOTAK,54000.0,0.0,27000.0
	,ANYCAST M9,7.0,0.0,PCS,1050000.0,0.0,150000.0
	,ART PAPER KOREA BK 70ML,12.0,0.0,PCS,1020000.0,0.0,85000.0
	,ART PAPER KOREA C 70ML,1.0,0.0,PCS,85000.0,0.0,85000.0
	,ART PAPER KOREA M 70ML,3.0,0.0,PCS,255000.0,0.0,85000.0
	,ART PAPER KOREA Y 70ML,1.0,0.0,PCS,85000.0,0.0,85000.0
	,ASUS VIVOBOOK 14 A1404VAP - VIPS INTEL CORE 5 120U 16GB 512GB SSD WIN 11,1.0,0.0,UNIT,11500000.0,0.0,11500000.0
	,ASUS VIVOBOOK 14 A1404VAP INTEL CORE 5 120U 16GB(2X8) 512GB SSD WIN 11 TP,1.0,0.0,UNIT,9200000.0,0.0,9200000.0
	,ASUS VIVOBOOK 14 A1404VAP INTEL CORE 5 120U 8GB 512GB SSD WIN 11,1.0,0.0,UNIT,10400000.0,0.0,10400000.0
	,ASUS VIVOBOOK 14 A1404VAP INTEL CORE 7 150U 16GB(2X8) DDR5 512,1.0,0.0,UNIT,14100000.0,0.0,14100000.0
	,ASUS VIVOBOOK GO 14 E1404GA Ci3-N305 8GB 512GB SSD WIN 11 #,5.0,0.0,UNIT,39800000.0,0.0,7960000.0
	,ASUS VIVOBOOK GO 14 E1404GA FHD Ci3 - N305 8GB 256GB SSD WIN 11 #,2.0,0.0,UNIT,15500000.0,0.0,7750000.0
	,ASUS VIVOBOOK GO 14 E410KA FHD N4500 8GB 256GB SSD WIN 11 #,14.0,0.0,UNIT,87800630.9148265,0.0,6271473.636773321
	,ASUS VIVOBOOK GO E1404FA AMD RYZEN 5 7520U 8GB 512GB SSD WIN 11 #,1.0,0.0,UNIT,9500000.0,0.0,9500000.0
	,"AXIOO HYPE 1 N4020 4GB 128GB WIN 11 14"" #",11.0,0.0,UNIT,42800000.0,0.0,3890909.090909091
	,AXIOO HYPE 10 INTEL N4020 8 256 #,17.0,0.0,UNIT,79750000.0,0.0,4691176.470588235
	,AXIOO HYPE 5 RYZEN 5 3500 8 256 #,5.0,0.0,UNIT,32500000.0,0.0,6500000.0
	,AXIOO MYBOOK HYPE 7 AMD X7 - 2 AMD RYZEN 7 - 5825U 16GB 512GB SSD,1.0,0.0,UNIT,8900000.0,0.0,8900000.0
	,Acer Aspire Go 14 AG14 Core 5 120U 16GB(2x8) DDR4  512GB SSD W11,1.0,0.0,UNIT,10350000.0,0.0,10350000.0
	,BALLPOINT PILOT BALINER BL - 5M HITAM,2.0,0.0,PCS,36000.0,0.0,18000.0
	,BALLPOINT SNOWMAN V1 PCS,414.0,0.0,PCS,748000.000056,0.0,1806.76328515942
	,BARREL RJ45 SAMBUNGAN LAN OUTDOOR,5.0,0.0,PCS,50000.0,0.0,10000.0
	,BATERAI 1220,4.0,0.0,PCS,100000.0,0.0,25000.0
	,BATERAI 1616,1.0,0.0,PCS,25000.0,0.0,25000.0
	,BATERAI 1632,1.0,0.0,BIJI,25000.0,0.0,25000.0
	,BATERAI A 23,1.0,0.0,PCS,25000.0,0.0,25000.0
	,BATERAI A 27,2.0,0.0,PCS,50000.0,0.0,25000.0
	,BATERAI ACER AL14B18J,1.0,0.0,PCS,450000.0,0.0,450000.0
	,BATERAI ACER AP18B18J (A314-33),1.0,0.0,PCS,500000.0,0.0,500000.0
	,BATERAI ACER ASPIRE 5 314 (AP19B8K),2.0,0.0,PCS,1150000.0,0.0,575000.0
	,BATERAI ACER E5 471 (AL14A32),1.0,0.0,PCS,350000.0,0.0,350000.0
	,BATERAI ACER ES1 432 AS16A8K / AS16A5K,2.0,0.0,PCS,780000.0,0.0,390000.0
	,BATERAI ACER Z476,1.0,0.0,PCS,450000.0,0.0,450000.0
	,BATERAI ASUS A13 B31N1911,2.0,0.0,PCS,1200000.0,0.0,600000.0
	,BATERAI ASUS A41-X550A,1.0,0.0,PCS,550000.0,0.0,550000.0
	,BATERAI CMOS CR2032,16.0,0.0,PCS,585000.0,0.0,36562.5
	,BATERAI CR1620,1.0,0.0,PCS,25000.0,0.0,25000.0
	,BATERAI HP 14-CE HT03XL AG,1.0,0.0,PCS,450000.0,0.0,450000.0
	,BATERAI LAPTOP ACER E5 - 473 (AL15A32),2.0,0.0,PCS,800000.0,0.0,400000.0
	,BATERAI LAPTOP ASUS E410M,1.0,0.0,PCS,550000.0,0.0,550000.0
	,BATERAI LAPTOP ASUS X441,2.0,0.0,PCS,800000.0,0.0,400000.0
	,BATERAI LAPTOP LENOVO G400S,1.0,0.0,PCS,550000.0,0.0,550000.0
	,BATERAI PANASONIC / ABC ALKALINE AAA,11.0,0.0,PCS,72000.0,0.0,6545.454545454545
	,BATERAI PANASONIC / ENR POWER/ ABC  ALKALINE AA,12.0,0.0,PCS,84000.0,0.0,7000.0
	,BATOK KEPALA CHARGER JETE E11 20W,2.0,0.0,PCS,260000.0,0.0,130000.0
	,BATOK TC JETE E11 20W USB + C,1.0,0.0,PCS,115000.0,0.0,115000.0
	,BINGKAI FOTO 10R,5.0,0.0,PCS,127000.0,0.0,25400.0
	,BINGKAI FOTO 12R,14.0,0.0,PCS,715000.0,0.0,51071.42857142857
	,BINGKAI FOTO 20X30 (10R JUMBO),439.0,0.0,PCS,12055500.0,0.0,27461.27562642369
	,BINGKAI FOTO 30X45 (12R JUMBO),16.0,0.0,PCS,965000.0,0.0,60312.5
	,BLUEPRINT CANON BLACK (100ML),109.0,0.0,PCS,4315000.0,0.0,39587.15596330275
	,BLUEPRINT CANON CYAN (100ML),38.0,0.0,PCS,1501000.0,0.0,39500.0
	,BLUEPRINT CANON KOTAK  WARNA ( SUNTIK ),1.0,0.0,PCS,30000.0,0.0,30000.0
	,BLUEPRINT CANON MAGENTA (100ML),35.0,0.0,PCS,1385000.0,0.0,39571.42857142857
	,BLUEPRINT CANON YELLOW (100ML),38.0,0.0,PCS,1504000.0,0.0,39578.94736842105
	,BLUEPRINT CASH DRAWER 405X420X88/100MM,1.0,0.0,PCS,550000.0,0.0,550000.0
	,BLUEPRINT CASH DRAWER 405X420X98/112MM,1.0,0.0,UNIT,500000.0,0.0,500000.0
	,BLUEPRINT CATRIDGE TONER HP 285A,21.0,0.0,PCS,8115000.0,0.0,386428.5714285714
	,BLUEPRINT DOUBLE SIDED PHOTO PAPER,3.0,0.0,PCS,120000.0,0.0,40000.0
	,BLUEPRINT EPSON MAGENTA (100ML),1.0,0.0,PCS,40000.0,0.0,40000.0
	,BLUEPRINT EPSON YELLOW (100ML),1.0,0.0,PCS,40000.0,0.0,40000.0
	,BLUEPRINT KERTAS FOTO 4R,101.0,0.0,PCS,395000.0,0.0,3910.891089108911
	,BLUEPRINT KERTAS FOTO A3,1.0,0.0,PCS,65000.0,0.0,65000.0
	,BLUEPRINT KERTAS FOTO MATAHARI 230GR,2.0,0.0,PCS,50000.0,0.0,25000.0
	,BLUEPRINT KERTAS FOTO STIKER A4,17.0,0.0,PCS,476000.0,0.0,28000.0
	,BLUEPRINT KERTAS INKJET PAPER ( ISI 50 ),52.0,0.0,PCS,1404000.0,0.0,27000.0
	,BLUEPRINT KERTAS THERMAL 80 X 40,10.0,0.0,PCS,70000.0,0.0,7000.0
	,BLUEPRINT PLASTIK LAMINATING A4,6.0,0.0,PCS,495000.0,0.0,82500.0
	,BLUEPRINT PRINTABLE CARD (KERTAS ID CARD),23.0,0.0,PCS,1188000.0,0.0,51652.17391304348
	,BLUEPRINT PRINTER ECO BP-ECO58 (BATERAI),5.0,0.0,UNIT,1930000.0,0.0,386000.0
	,BLUEPRINT SCANNER BARCODE BP UC200 2D,2.0,0.0,PCS,1120000.0,0.0,560000.0
	,BLUEPRINT SCANNER BARCODE OMNI,2.0,0.0,PCS,1450000.0,0.0,725000.0
	,BLUEPRINT STARTER PACK 4 WARNA CANON ( SUNTIK ),1.0,0.0,PCS,32000.0,0.0,32000.0
	,BLUEPRINT STIKER FOTO GLOSSY LITE A4 105 GSM,3.0,0.0,PCS,60000.0,0.0,20000.0
	,BLUEPRINT TRANSPARANT FILM STIKER WATER RESISTANT A4,13.0,0.0,PCS,455000.0,0.0,35000.0
	,BROTHER DCP L2540 DW,1.0,0.0,PCS,3400000.0,0.0,3400000.0
	,BUFFALO HIJAU TUA (NO 6),11.0,0.0,PCS,276000.0,0.0,25090.909090909092
	,BUKU HARD COVER FOLIO (ISI 100),17.0,0.0,PCS,320000.0,0.0,18823.529411764706
	,BUKU HARD COVER ISI 100 OKTAVO,5.0,0.0,PCS,40000.0,0.0,8000.0
	,CAM CCTV EZVIZ C6N #,13.0,0.0,UNIT,5030000.0,0.0,386923.07692307694
	,CAM CCTV EZVIZ C6N 3MP 2K,12.0,0.0,PCS,5670000.0,0.0,472500.0
	,CAM CCTV EZVIZ OUTDOOR H8C #,10.0,0.0,UNIT,7180000.0,0.0,718000.0
	,CAM DAHUA INDOOR 1240T MIC,1.0,0.0,PCS,275000.0,0.0,275000.0
	,CAM DAHUA OUTDOOR 1240P MIC,4.0,0.0,PCS,1160000.0,0.0,290000.0
	,CAM EZVIZ OUTDOOR C8C 2MP,3.0,0.0,UNIT,2120000.0,0.0,706666.6666666666
	,CARD READER 4 SLOT PUTAR,8.0,0.0,PCS,80000.0,0.0,10000.0
	,CARD READER 6 SLOT,1.0,0.0,PCS,55000.0,0.0,55000.0
	,CARD READER LEXAR RW 310 DUAL SLOT,1.0,0.0,PCS,155000.0,0.0,155000.0
	,CARD READER UGREEN 50706 2 IN 1 USB 3.0,1.0,0.0,PCS,155000.0,0.0,155000.0
	,"CASING HDD 2,5 BIASA",8.0,0.0,PCS,170000.0,0.0,21250.0
	,"CASING HDD 2,5"" TRANSPARAN 3.0",8.0,0.0,PCS,570000.0,0.0,71250.0
	,CASING NEMESIS PALLAS T59,1.0,0.0,UNIT,500000.0,0.0,500000.0
	,CASING PC POWER MAX 2.0,12.0,0.0,PCS,4650000.0,0.0,387500.0
	,CASING PC POWER MAX 3.0,1.0,0.0,PCS,0.0,0.0,0.0
	,CASING PC SIMBADDA SIM V,1.0,0.0,PCS,450000.0,0.0,450000.0
	,CASING SSD VOXY DUAL MODE NGFF & NVME,1.0,0.0,PCS,175000.0,0.0,175000.0
	,CATRDIGE CANON CA91 / BH7 (G2010),10.0,0.0,PCS,3460000.0,0.0,346000.0
	,CATRIDGE CANON 810 BLACK,61.0,0.0,PCS,14874940.11976048,0.0,243851.47737312262
	,CATRIDGE CANON 811 COLOUR,27.0,0.0,PCS,7962634.730538922,0.0,294912.3974273675
	,CATRIDGE CANON CA92 / CH7 (G2010),9.0,0.0,PCS,3380000.0,0.0,375555.55555555556
	,CATRIDGE PRINTER HP GT 52 M0H50AA (COLOUR),2.0,0.0,PCS,400000.0,0.0,200000.0
	,CATRIDGE TONER BROTHER L2540 DW,1.0,0.0,PCS,480000.0,0.0,480000.0
	,CCTV CAM DAHUA HAC B1A21 IR BULLET (OUTDOOR),56.0,0.0,PCS,12120000.0,0.0,216428.57142857142
	,CCTV CAM DAHUA HAC-T1A21 IR BULLET (INDOOR),51.0,0.0,PCS,9965000.0,0.0,195392.1568627451
	,CCTV DVR DAHUA 8CH XVR1B08-1 (MH),10.0,0.0,UNIT,7500000.0,0.0,750000.0
	,CCTV DVR DAHUA DH-XVR1B04-I 4CH,6.0,0.0,UNIT,3530000.0,0.0,588333.3333333334
	,CCTV DVR DAHUA XVR1B16H 16CH,1.0,0.0,PCS,1500000.0,0.0,1500000.0
	,CHARGER MOBIL JETE R3 38 WATT,1.0,0.0,PCS,75000.0,0.0,75000.0
	,CLEANER HEAD #,1.0,0.0,PCS,45000.0,0.0,45000.0
	,CLEANER LCD 3 IN 1,4.0,0.0,PCS,60000.0,0.0,15000.0
	,CONNECTOR RJ45 BELDEN CAT5E (PACK),5.0,0.0,PCS,635000.0,0.0,127000.0
	,CONNECTOR RJ45 BIASA,2.0,0.0,PACK,100000.0,0.0,50000.0
	,CONVERTER DISPLAY PORT TO HDMI,1.0,0.0,PCS,45000.0,0.0,45000.0
	,CONVERTER FIBER OPTIC TO LAN HTB 3100 A,15.0,0.0,PCS,1695000.0,0.0,113000.0
	,CONVERTER HDMI TO AV,1.0,0.0,PCS,85000.0,0.0,85000.0
	,CONVERTER HDMI TO VGA (KABEL),10.0,0.0,PCS,370000.0,0.0,37000.0
	,"CONVERTER TYPE C 4 IN 1 ( HDMI, VGA, USB, TYPE C )",3.0,0.0,PCS,330000.0,0.0,110000.0
	,CONVERTER TYPE C 8 IN 1,3.0,0.0,PCS,405000.0,0.0,135000.0
	,CONVERTER VGA TO HDMI,2.0,0.0,PCS,110000.0,0.0,55000.0
	,COOLINGPAD KEPITING,233.0,0.0,PCS,330000.0,0.0,1416.3090128755364
	,COOLINGPAD LX1 LAPTOP JETE GAMING,2.0,0.0,PCS,400000.0,0.0,200000.0
	,COOLINGPAD NC 32 1FAN BESAR,9.0,0.0,PCS,175000.0,0.0,19444.444444444445
	,DAHUA IP CAM 2MP OUTDOOR,4.0,0.0,UNIT,2340000.0,0.0,585000.0
	,DATA PRINT DP 40,11.0,0.0,PCS,310000.0,0.0,28181.81818181818
	,DATA PRINT DP 41,11.0,0.0,PCS,310000.0,0.0,28181.81818181818
	,DRUM FILM KIT BROTHER L2540 DW,2.0,0.0,UNIT,600000.0,0.0,300000.0
	,EARPHONE JETE CLASSIC 2,5.0,0.0,PCS,175000.0,0.0,35000.0
	,EARPHONE TWS JETE BT CEG1,1.0,0.0,PCS,200000.0,0.0,200000.0
	,EPRINT CANON 200ML BLACK,5.0,0.0,PCS,260000.0,0.0,52000.0
	,EPRINT CANON 200ML CYAN,2.0,0.0,PCS,104000.0,0.0,52000.0
	,EPRINT CANON 200ML MAGENTA,2.0,0.0,PCS,104000.0,0.0,52000.0
	,EPRINT CANON 200ML YELLOW,3.0,0.0,PCS,156000.0,0.0,52000.0
	,"FAN CASING CPU TRANSPARAN 12""",10.0,0.0,PCS,280000.0,0.0,28000.0
	,"FAN CASING CPU TRANSPARAN 8""",3.0,0.0,PCS,81000.0,0.0,27000.0
	,FAN CASING LED,1.0,0.0,PCS,40000.0,0.0,40000.0
	,FAN CASING RGB,3.0,0.0,PCS,150000.0,0.0,50000.0
	,FAN PROC DEEP COOL CK11508,1.0,0.0,PCS,100000.0,0.0,100000.0
	,FAN PROCESSOR  CPU INTEL,3.0,0.0,PCS,195000.0,0.0,65000.0
	,FD BLADE CZ50 16GB SANDISK,12.0,0.0,PCS,1250000.0,0.0,104166.66666666667
	,FD BLADE CZ50 32GB SANDISK,31.0,0.0,PCS,3530000.0,0.0,113870.96774193548
	,FD GLIDE CZ600 32GB SANDISK #,2.0,0.0,PCS,250000.0,0.0,125000.0
	,FD GLIDE CZ600 SANDISK 64GB #,3.0,0.0,PCS,600000.0,0.0,200000.0
	,FD SANDISK 32GB ULTRA DUAL DRIVE 3.0 (OTG MICRO),1.0,0.0,PCS,150000.0,0.0,150000.0
	,FD SANDISK CZ600 128 GB,1.0,0.0,PCS,195000.0,0.0,195000.0
	,FD U2 4GB JETE,9.0,0.0,PCS,515000.0,0.0,57222.22222222222
	,FD U2 8GB JETE,17.0,0.0,PCS,1155000.0,0.0,67941.17647058824
	,FD U2 JETE 16GB,25.0,0.0,PCS,2005000.0,0.0,80200.0
	,FD U2 JETE 32GB,3.0,0.0,PCS,340000.0,0.0,113333.33333333333
	,FD U3 JETE 16GB 3.0,5.0,0.0,PCS,425000.0,0.0,85000.0
	,FD U3 JETE 32GB 3.0,2.0,0.0,PCS,220000.0,0.0,110000.0
	,GAMEPAD DOUBLE BLACK,3.0,0.0,PCS,240000.0,0.0,80000.0
	,GAMEPAD DOUBLE TRANSPARANT,2.0,0.0,PCS,200000.0,0.0,100000.0
	,GAMEPAD SINGLE BLACK,1.0,0.0,PCS,55000.0,0.0,55000.0
	,GAMEPAD SINGLE TRANSPARANT,1.0,0.0,PCS,60000.0,0.0,60000.0
	,GUNTING,1.0,0.0,PCS,12000.0,0.0,12000.0
	,"HDD EXTERNAL 500GB 2,5 OSMOUS EXPANSION",1.0,0.0,UNIT,650000.0,0.0,650000.0
	,HDD EXTERNAL TOSHIBA BASIC 1 TB,2.0,0.0,PCS,2200000.0,0.0,1100000.0
	,HDD INTERNAL CCTV TOSHIBA 4TB,1.0,0.0,PCS,2650000.0,0.0,2650000.0
	,HDD PC OSMOUS 1TB #,5.0,0.0,PCS,4900000.0,0.0,980000.0
	,HDD PC OSMOUS CCTV 2TB #,2.0,0.0,PCS,3300000.0,0.0,1650000.0
	,HDD PC SEAGATE SATA 1TB PI,4.0,0.0,PCS,2560000.0,0.0,640000.0
	,HDD PC SEAGATE SATA 500 GB PI,20.0,0.0,PCS,5370000.0,0.0,268500.0
	,HDD PC WD PURPLE 2TB,2.0,0.0,PCS,4350000.0,0.0,2175000.0
	,HDMI SPLITER 4 PORT,4.0,0.0,PCS,570000.0,0.0,142500.0
	,HDMI VIDEO CAPTURE 4 PORT 4K,1.0,0.0,PCS,135000.0,0.0,135000.0
	,HF JETE GAMING GA7,1.0,0.0,PCS,180000.0,0.0,180000.0
	,HFB JETE 11 BT,1.0,0.0,PCS,149423.07692307694,0.0,149423.07692307694
	,HFB JETE SA3,1.0,0.0,PCS,210000.0,0.0,210000.0
	,HUB USB + TYPE C 4 PORT COMBO,13.0,0.0,PCS,705000.0,0.0,54230.769230769234
	,HUB USB + TYPE C 7 PORT COMBO,7.0,0.0,PCS,440000.0,0.0,62857.142857142855
	,HUB USB 3.0 4 PORT,1.0,0.0,PCS,85000.0,0.0,85000.0
	,HUB USB 4 PORT ORICO FL02-BK-BP-W K BLACK,1.0,0.0,PCS,65000.0,0.0,65000.0
	,IP CAM DAHUA 4MP OUTDOOR,4.0,0.0,PCS,3300000.0,0.0,825000.0
	,ISI CUTTER,1.0,0.0,PCS,8000.0,0.0,8000.0
	,ISI STEPLES JOYKO NO 10,60.0,0.0,PCS,120000.0,0.0,2000.0
	,ISI STEPLES KANGARO 24/6,3.0,0.0,KOTAK,18000.0,0.0,6000.0
	,ISI STEPLES KANGARO NO 10,20.0,0.0,PCS,40000.0,0.0,2000.0
	,JASA PASANG CCTV DALAM KOTA,8.0,0.0,JASA,1600000.0,0.0,200000.0
	,JASA SERVICE,111.0,0.0,JASA,7140000.0,0.0,64324.32432432433
	,JOYCO CALCULATOR CC - 30 12 DIGIT,1.0,0.0,PCS,110000.0,0.0,110000.0
	,JOYCO CALCULATOR CC - 8A 12 DIGIT,1.0,0.0,PCS,70000.0,0.0,70000.0
	,JOYCO INDEX & MEMO IM-42 SIGN HERE,7.0,0.0,PCS,84000.0,0.0,12000.0
	,KABEL AUDIO 1 - 1,4.0,0.0,PCS,85000.0,0.0,21250.0
	,KABEL AUDIO 1 - 2,1.0,0.0,PCS,20000.0,0.0,20000.0
	,KABEL AUDIO 1 - 2 5METER,2.0,0.0,PCS,100000.0,0.0,50000.0
	,KABEL CCTV PERMETER,1213.0,0.0,METER,4245500.0,0.0,3500.0
	,KABEL CCTV SINOVISION / PROVIEW RG 59 + POWER,4.0,0.0,DUS,3190000.0,0.0,797500.0
	,KABEL DATA 5 PIN,4.0,0.0,PCS,100000.0,0.0,25000.0
	,KABEL DATA HDD EXTERNAL 3.0,3.0,0.0,PCS,105000.0,0.0,35000.0
	,KABEL DATA HDD SATA,4.0,0.0,PCS,40000.0,0.0,10000.0
	,KABEL DATA JETE MICRO TINY 5,1.0,0.0,PCS,50000.0,0.0,50000.0
	,"KABEL DATA PRINTER 1,5 METER",18.0,0.0,PCS,418000.0,0.0,23222.222222222223
	,KABEL DATA PRINTER 5 METER,3.0,0.0,PCS,150000.0,0.0,50000.0
	,KABEL DATA TYPE C JETE CX 5,3.0,0.0,PCS,150000.0,0.0,50000.0
	,"KABEL DISPLAY PORT 1,8M",1.0,0.0,PCS,30000.0,0.0,30000.0
	,KABEL FIBER OPTIK GLOBAL 1KM 1000M CORE 3 SELING NON DUS,10.0,0.0,DUS,8950000.0,0.0,895000.0
	,KABEL FIBER OPTIK GLOBAL 1KM 1000M CORE 3 SELING SPECIAL TYPE,3.0,0.0,DUS,2740000.0,0.0,913333.3333333334
	,KABEL FLEXY HEAD EPSON ( KECIL ),2.0,0.0,PCS,200000.0,0.0,100000.0
	,"KABEL HDMI 1,5 METER",6.0,0.0,PCS,160000.0,0.0,26666.666666666668
	,"KABEL HDMI 1,5 METER 4K",2.0,0.0,PCS,90000.0,0.0,45000.0
	,"KABEL HDMI 1,5 MR",30.0,0.0,PCS,394000.0,0.0,13133.333333333334
	,KABEL HDMI 10 METER,2.0,0.0,PCS,140000.0,0.0,70000.0
	,KABEL HDMI 10 METER 4K,6.0,0.0,PCS,790000.0,0.0,131666.66666666666
	,KABEL HDMI 15 METER,3.0,0.0,PCS,440000.0,0.0,146666.66666666666
	,KABEL HDMI 20 METER 4K,1.0,0.0,PCS,190000.0,0.0,190000.0
	,KABEL HDMI 3 IN 1 UNIVERSAL,3.0,0.0,PCS,245000.0,0.0,81666.66666666667
	,KABEL HDMI 3 METER,2.0,0.0,PCS,90000.0,0.0,45000.0
	,KABEL HDMI 3 METER 4K,5.0,0.0,PCS,245000.0,0.0,49000.0
	,KABEL HDMI 30 METER 4K,2.0,0.0,PCS,560000.0,0.0,280000.0
	,KABEL HDMI 5 METER,1.0,0.0,PCS,65000.0,0.0,65000.0
	,KABEL HDMI 5 METER 4K,3.0,0.0,PCS,195000.0,0.0,65000.0
	,KABEL HDMI EXTENSION MALE TO FEMALE (SAMBUNGAN KABEL),1.0,0.0,PCS,35000.0,0.0,35000.0
	,KABEL LAN BELDEN / COMSCAPE CAT 5 PERMETER,456.0,0.0,METER,3648000.0,0.0,8000.0
	,KABEL LAN BELDEN USA CAT 5,2.0,0.0,DUS,4700000.0,0.0,2350000.0
	,KABEL LAN ZIMM LINK,20.0,0.0,DUS,8815000.0,0.0,440750.0
	,KABEL LAN ZIMM LINK FTP ( SEMI OUTDOOR ),16.0,0.0,DUS,9280000.0,0.0,580000.0
	,KABEL LAN ZIMM LINK PERMETER,330.0,0.0,METER,990000.0,0.0,3000.0
	,KABEL POWER CPU HOWELL / HYDRA / DATAFAST,10.0,0.0,PCS,350000.0,0.0,35000.0
	,KABEL POWER HDD SATA,1.0,0.0,PCS,10000.0,0.0,10000.0
	,KABEL POWER LAPTOP HOWELL / HYDRA / DATAFAST,21.0,0.0,PCS,591000.0,0.0,28142.85714285714
	,KABEL POWER ORBIT KE USB,1.0,0.0,PCS,30000.0,0.0,30000.0
	,KABEL POWER PRINTER HYDRA / SANURPRO,10.0,0.0,PCS,260000.0,0.0,26000.0
	,KABEL USB A - A,1.0,0.0,PCS,20000.0,0.0,20000.0
	,"KABEL USB EXTENDER 1,5 METER",3.0,0.0,PCS,75000.0,0.0,25000.0
	,"KABEL VGA 1,5 METER",8.0,0.0,PCS,200000.0,0.0,25000.0
	,KABEL VGA 20 METER,1.0,0.0,PCS,155000.0,0.0,155000.0
	,KARET ROLLER BAWAH EPSON,3.0,0.0,BIJI,300000.0,0.0,100000.0
	,KEMBALI SERVICE,38.0,0.0,JASA,0.0,0.0,0.0
	,KERTAS 2 PLY PRS,4.0,0.0,DUS,1360000.0,0.0,340000.0
	,KERTAS BUFFALO  HIJAU MUDA (NO 08),7.0,0.0,PCS,177000.0,0.0,25285.714285714286
	,KERTAS BUFFALO BIRU MUDA (NO 10),45.0,0.0,PCS,1131000.0,0.0,25133.333333333332
	,KERTAS BUFFALO BIRU TUA (NO 9),13.0,0.0,PCS,325000.0,0.0,25000.0
	,KERTAS BUFFALO CROWN BIRU MUDA (NO 11),3.0,0.0,PACK,75000.0,0.0,25000.0
	,KERTAS BUFFALO CROWN BIRU MUDA (NO 14),13.0,0.0,PCS,325000.0,0.0,25000.0
	,KERTAS BUFFALO KUNING (NO 5),24.0,0.0,PCS,607000.0,0.0,25291.666666666668
	,KERTAS BUFFALO MERAH (NO 1),12.0,0.0,PCS,302000.0,0.0,25166.666666666668
	,KERTAS BUFFALO MERAH MUDA (NO 2),15.0,0.0,PCS,375000.0,0.0,25000.0
	,KERTAS BUFFALO ORANGE ( NO 04 ),5.0,0.0,PCS,130000.0,0.0,26000.0
	,KERTAS BUFFALO PUTIH,35.0,0.0,PCS,823500.0,0.0,23528.571428571428
	,KERTAS FOTO DATA PRINT GLOSSY  230 GSM (BURUNG),20.0,0.0,PCS,400000.0,0.0,20000.0
	,KERTAS FOTO DATA PRINT SILKY,6.0,0.0,PCS,262000.0,0.0,43666.666666666664
	,KERTAS FOTO SPECTRA 210 (BURUNG),4.0,0.0,PCS,84000.0,0.0,21000.0
	,KERTAS FOTO SPECTRA 230 (BUAH NAGA),75.0,0.0,PCS,1595000.0,0.0,21266.666666666668
	,KERTAS FOTO SPECTRA A3 GLOSSY,17.0,0.0,PCS,1156000.0,0.0,68000.0
	,KERTAS FOTO SPECTRA A3 SILKY,2.0,0.0,PCS,120000.0,0.0,60000.0
	,KERTAS FOTO SPECTRA GLOSSY 260,193.0,0.0,PCS,11540000.0,0.0,59792.74611398964
	,KERTAS FOTO SPECTRA SILKY 260,169.0,0.0,PCS,10120000.0,0.0,59881.65680473373
	,KERTAS FOTO STIKER DATA PRINT,3.0,0.0,PCS,86000.0,0.0,28666.666666666668
	,KERTAS FOTO TANPA MEREK,5.0,0.0,PCS,87500.0,0.0,17500.0
	,KERTAS GLORI,1.0,0.0,PCS,60000.0,0.0,60000.0
	,KERTAS JASMIN PINK,8.0,0.0,PCS,440000.0,0.0,55000.0
	,KERTAS JASMINE PUTIH,32.0,0.0,PCS,1820000.0,0.0,56875.0
	,KERTAS LINEN 200 GR F4,16.0,0.0,PCS,880000.0,0.0,55000.0
	,KERTAS NCR BLUE CFB (MIDDLE),1.0,0.0,PCS,67000.0,0.0,67000.0
	,KERTAS NCR PINK CFB (MIDDLE),7.0,0.0,PCS,469000.0,0.0,67000.0
	,KERTAS NCR WHITE CB (TOP),22.0,0.0,PCS,1496000.0,0.0,68000.0
	,KERTAS NCR WHITE CFB (MIDDLE),2.0,0.0,PCS,134000.0,0.0,67000.0
	,KERTAS NCR YELLOW CFB (MIDDLE),7.0,0.0,PCS,469000.0,0.0,67000.0
	,KERTAS PIAGAM F4,3.0,0.0,PCS,120000.0,0.0,40000.0
	,KEYBOARD + MOUSE VOXY KM100,1.0,0.0,PAKET,100000.0,0.0,100000.0
	,KEYBOARD ACER A314 36,1.0,0.0,PCS,400000.0,0.0,400000.0
	,KEYBOARD ACER A314 33 (LM),3.0,0.0,PCS,720000.0,0.0,240000.0
	,KEYBOARD ACER A314-22 RYZEN,8.0,0.0,PCS,1710000.0,0.0,213750.0
	,KEYBOARD ACER A315 42,1.0,0.0,SET,220000.0,0.0,220000.0
	,KEYBOARD ACER E5 475,1.0,0.0,PCS,110000.0,0.0,110000.0
	,KEYBOARD ACER E5 471 TANPA ON OFF,3.0,0.0,PCS,800000.0,0.0,266666.6666666667
	,KEYBOARD ACER ES1 432,2.0,0.0,PCS,600000.0,0.0,300000.0
	,KEYBOARD ACER LITE N100 AL14 31P,2.0,0.0,PCS,800000.0,0.0,400000.0
	,KEYBOARD ASUS A409,2.0,0.0,PCS,600000.0,0.0,300000.0
	,KEYBOARD ASUS E410,1.0,0.0,PCS,300000.0,0.0,300000.0
	,KEYBOARD ASUS N43,1.0,0.0,PCS,200000.0,0.0,200000.0
	,KEYBOARD AXIOO 14E,1.0,0.0,PCS,300000.0,0.0,300000.0
	,KEYBOARD LAPTOP ASUS A407,1.0,0.0,PCS,110000.0,0.0,110000.0
	,KEYBOARD LAPTOP ASUS X200 BLACK,1.0,0.0,PCS,300000.0,0.0,300000.0
	,KEYBOARD LAPTOP ASUS X441 (BLACK),8.0,0.0,PCS,2020000.0,0.0,252500.0
	,KEYBOARD LAPTOP ASUS X453M / X451 (BLACK),1.0,0.0,PCS,300000.0,0.0,300000.0
	,KEYBOARD LAPTOP LENOVO 330 ON OFF,4.0,0.0,PCS,647425.1497005988,0.0,161856.2874251497
	,KEYBOARD LAPTOP LENOVO S130 1116M,1.0,0.0,PCS,300000.0,0.0,300000.0
	,KEYBOARD LAPTOP TOSHIBA C50 B,1.0,0.0,PCS,200000.0,0.0,200000.0
	,KEYBOARD LAPTOP TOSHIBA L645 DOFF,1.0,0.0,PCS,90000.0,0.0,90000.0
	,KEYBOARD LENOVO 330 TANPA ON OFF ( NO POWER ),1.0,0.0,PCS,300000.0,0.0,300000.0
	,KEYBOARD LENOVO G40-70,2.0,0.0,PCS,370000.0,0.0,185000.0
	,KEYBOARD LOGITECH K120,11.0,0.0,PCS,1475000.0,0.0,134090.9090909091
	,KEYBOARD MINI BANDA / MURAGO,18.0,0.0,PCS,915000.0,0.0,50833.333333333336
	,KEYBOARD MINI BLUETOOTH,8.0,0.0,PCS,540000.0,0.0,67500.0
	,KEYBOARD MOUSE JETE MK101 KABEL,4.0,0.0,PCS,500000.0,0.0,125000.0
	,KEYBOARD USB MTECH STK01,3.0,0.0,PCS,135000.0,0.0,45000.0
	,KLEM KABEL NO 6,3.0,0.0,KOTAK,30000.0,0.0,10000.0
	,KLEM KABEL NO 10,3.0,0.0,KOTAK,54000.0,0.0,18000.0
	,KONEKTOR BNC CCTV,131.0,0.0,PCS,532000.0,0.0,4061.0687022900765
	,KONEKTOR DC MALE,118.0,0.0,PCS,486000.0,0.0,4118.64406779661
	,KONEKTOR FO BUAYA,31.0,0.0,PCS,228000.0,0.0,7354.8387096774195
	,KOTAK CD HITAM,2.0,0.0,PCS,5000.0,0.0,2500.0
	,LABEL STIKER 33X19 @40MM,70.0,0.0,PCS,410000.0,0.0,5857.142857142857
	,LABEL STIKER THERMAL 55X40X1 @40MM,10.0,0.0,PCS,100000.0,0.0,10000.0
	,LAKBAN BENING,6.0,0.0,PCS,30000.0,0.0,5000.0
	,LAKBAN HITAM BESAR 46MM X 12MM,12.0,0.0,PCS,165000.0,0.0,13750.0
	,LAN TESTER,4.0,0.0,PCS,200000.0,0.0,50000.0
	,LAPTOP STAND X ALUMINIUM,4.0,0.0,PCS,240000.0,0.0,60000.0
	,LASER POINTER BASEUS,1.0,0.0,PCS,185000.0,0.0,185000.0
	,LASER POINTER BASIKE,2.0,0.0,PCS,300000.0,0.0,150000.0
	,LASER POINTER PRESENTER PP 1000,5.0,0.0,PCS,500000.0,0.0,100000.0
	,LASER POINTER SN 03,1.0,0.0,PCS,150000.0,0.0,150000.0
	,LCD 14 40 PIN SMALL FRAME NO BR,1.0,0.0,PCS,900000.0,0.0,900000.0
	,LCD AIO,2.0,0.0,UNIT,4250000.0,0.0,2125000.0
	,"LCD LAPTOP 11,6 30 PIN (KK)",2.0,0.0,PCS,950000.0,0.0,475000.0
	,LCD LAPTOP 14 30 PIN SMALL FRAME NO BR,5.0,0.0,PCS,4200000.0,0.0,840000.0
	,LCD LAPTOP 14 TEBAL,2.0,0.0,PCS,1250000.0,0.0,625000.0
	,LCD LAPTOP 14 TIPIS 30 PIN,3.0,0.0,PCS,2050000.0,0.0,683333.3333333334
	,"LCD LAPTOP 15,6 40 PIN",1.0,0.0,PCS,1300000.0,0.0,1300000.0
	,LCD NV140WUM 14 INCH SLIM 30 PIN NO KUPING FHD UNTUK AL14 31P N100 ACER,2.0,0.0,PCS,2300000.0,0.0,1150000.0
	,LED ACER 21.5 EK221Q Hbi VA FHD (1920 x 1080),5.0,0.0,UNIT,5550000.0,0.0,1110000.0
	,"LED LENOVO 21,5 L22E-4E VA (1920X1080) 100HZ",6.0,0.0,PCS,6700000.0,0.0,1116666.6666666667
	,LED LG 24G411A 24 UltraGear G4 FHD IPS (1920X1080) 120Hz,1.0,0.0,UNIT,1500000.0,0.0,1500000.0
	,LED LG 24U411A-B 23.8 IPS FHD (1920X1080),1.0,0.0,UNIT,1300000.0,0.0,1300000.0
	,"LED MONITOR PIXEL 19""",1.0,0.0,UNIT,600000.0,0.0,600000.0
	,LED MSI PRO MP22 E2 21.45 VA FHD (1920 X 1080) 100HZ,1.0,0.0,PCS,1150000.0,0.0,1150000.0
	,LED SAMSUNG LS24F320GAEXXD 24 ESSENTIAL S3 S32GF IPS FHD,1.0,0.0,UNIT,1400000.0,0.0,1400000.0
	,LED SAMSUNG LS24F330EAEXXD 24 FLAT VA FHD (1920 X 1080) 100HZ 5 (GTG),1.0,0.0,UNIT,1400000.0,0.0,1400000.0
	,LEM STICK JOYCO 15GR GS - 15,2.0,0.0,PCS,14000.0,0.0,7000.0
	,LENOVO GAMING LOQ 15IRX9-83DV01ASID INTEL CORE i5 - 13450HX 16GB 512GB SSD RTX 3050 6GB GDDR6 WIN 11 HOME + OHS 2024 BASIC LUNA GREY + BACKPACK,1.0,0.0,UNIT,12800000.0,0.0,12800000.0
	,LENOVO V15 G5 IRL Ci3-1315U 8GB DDR 5 512GB SSD WIN 11,2.0,0.0,UNIT,16400000.0,0.0,8200000.0
	,LOGITECH MK 220 (WIRELESS KEYBOARD MOUSE),10.0,0.0,SET,2890000.0,0.0,289000.0
	,MAINTENANCE BOX CANON G2730 / G1730 / G3730 ( MC - G04 ),12.0,0.0,PCS,1740000.0,0.0,145000.0
	,"MAINTENANCE BOX G SERIES G1020, G2020 ( MCG02 )",12.0,0.0,PCS,1300000.0,0.0,108333.33333333333
	,MAP KANCING ( PACK ),4.0,0.0,PACK,140000.0,0.0,35000.0
	,MAP KERTAS BIRU,4.0,0.0,PACK,104000.0,0.0,26000.0
	,MAP KERTAS HIJAU,1.0,0.0,PACK,26000.0,0.0,26000.0
	,MAP KERTAS KUNING,2.0,0.0,PACK,51000.0,0.0,25500.0
	,MAP KERTAS MERAH,4.0,0.0,PACK,101000.0,0.0,25250.0
	,MAP SPRING SEAGULL AF-350,24.0,0.0,PCS,228000.0,0.0,9500.0
	,MB BULLDOZER H61,12.0,0.0,PCS,4460000.0,0.0,371666.6666666667
	,MB EFFOXPRO NVME H110 GM2,1.0,0.0,PCS,900000.0,0.0,900000.0
	,MB FAST H81 NVME,4.0,0.0,PCS,1750000.0,0.0,437500.0
	,MEMORY MICRO SD SANDISK ULTRA 16GB (C10),1.0,0.0,PCS,160000.0,0.0,160000.0
	,MEMORY MICRO SD SANDISK ULTRA 32GB (C10),13.0,0.0,PCS,1530000.0,0.0,117692.30769230769
	,MEMORY MICRO SD SANDISK ULTRA 64GB (C10),4.0,0.0,PCS,1340000.0,0.0,335000.0
	,MEMORY SDHC 16GB SANDISK ULTRA (C10),4.0,0.0,PCS,680000.0,0.0,170000.0
	,MEMORY SDHC 32GB SANDISK (C10),3.0,0.0,PCS,750000.0,0.0,250000.0
	,MESIN HITUNG UANG KOZURE MC 101 + PLUS,1.0,0.0,PCS,1350000.0,0.0,1350000.0
	,MESIN LAMINATING A3 330 BRIGHT OFFICE,2.0,0.0,UNIT,1850000.0,0.0,925000.0
	,"MESIN LAMINATING BLUE PRINT LITE HOT AND COLD, A4 & F4 125A",2.0,0.0,UNIT,700000.0,0.0,350000.0
	,MICRO SD 128GB A2 EXTREME SANDISK,1.0,0.0,PCS,450000.0,0.0,450000.0
	,MICRO SD 128GB CL10 ULTRA SANDISK,4.0,0.0,PCS,1420000.0,0.0,355000.0
	,MICRO SD LEXAR 32GB,12.0,0.0,PCS,1650000.0,0.0,137500.0
	,MIKA JILID  BENING TRANSPARANT,6.0,0.0,PCS,205000.0,0.0,34166.666666666664
	,MIKA JILID BIRU MUDA,1.0,0.0,PCS,34000.0,0.0,34000.0
	,MIKA JILID BIRU TUA,2.0,0.0,PCS,68000.0,0.0,34000.0
	,MIKA JILID HIJAU MUDA,7.0,0.0,PCS,240000.0,0.0,34285.71428571428
	,MIKA JILID HIJAU TUA,7.0,0.0,PCS,240000.0,0.0,34285.71428571428
	,MIKA JILID KUNING,1.0,0.0,PCS,35000.0,0.0,35000.0
	,MIKA JILID MERAH TUA,3.0,0.0,PCS,105000.0,0.0,35000.0
	,MODEM ORBIT H3,2.0,0.0,UNIT,880000.0,0.0,440000.0
	,"MONITOR ACER 21,5 EK221Q J0BI VA GHD (1920X1080) 120HZ 6MS TP",1.0,0.0,PCS,1025000.0,0.0,1025000.0
	,"MONITOR MSI MAG 272QPF E20 27 IPS WQHD (2560 x 1440) 200Hz 0.5ms (GtG, Min) Gaming Black",1.0,0.0,UNIT,3050000.0,0.0,3050000.0
	,MOUSE BRANDED,88.0,0.0,PCS,570000.0,0.0,6477.272727272727
	,MOUSE CYBORG CMW 018,2.0,0.0,PCS,55000.0,0.0,27500.0
	,MOUSE GAMING JETE MS X1,1.0,0.0,PCS,85000.0,0.0,85000.0
	,MOUSE GENIUS WIRELESS NX-7000,3.0,0.0,PCS,345000.0,0.0,115000.0
	,MOUSE GENIUS WIRELESS NX-7005 / NX-7015,7.0,0.0,PCS,770000.0,0.0,110000.0
	,MOUSE LD 303 SUNNY / HAPPY / JOY,5.0,0.0,PCS,275000.0,0.0,55000.0
	,MOUSE LOGITECH M90,35.0,0.0,PCS,2145000.0,0.0,61285.71428571428
	,MOUSE LOGITECH WIRELESS M170,48.0,0.0,PCS,6345000.0,0.0,132187.5
	,MOUSE M256 WIRELESS DATAFAST SILENT BT + ON OFF,18.0,0.0,PCS,805000.0,0.0,44722.22222222222
	,MOUSE VOTRE / VOXY,189.0,0.0,PCS,745000.0,0.0,3941.798941798942
	,MOUSE WIRELESS BANDA,1.0,0.0,PCS,0.0,0.0,0.0
	,MOUSE WIRELESS DATAFAST,1.0,0.0,PCS,50000.0,0.0,50000.0
	,MOUSE WIRELESS DATAFAST RECHARGEABLE SILENT,6.0,0.0,PCS,65000.0,0.0,10833.333333333334
	,MOUSE WIRELESS MICROKINGDOM BT 3000,2.0,0.0,PCS,110000.0,0.0,55000.0
	,MOUSEPAD LOGITECH / MICROSOFT,273.0,0.0,PCS,889062.5,0.0,3256.639194139194
	,MOUSEPAD WARWOLF GAMING,3.0,0.0,PCS,135000.0,0.0,45000.0
	,NACHI LAKBAN HITAM 35 X 12M,11.0,0.0,PCS,123000.0,0.0,11181.818181818182
	,NOTA NCR PAPERLINE 2 PLY BESAR,3.0,0.0,PCS,24000.0,0.0,8000.0
	,NVR DAHUA 16CH,1.0,0.0,UNIT,1500000.0,0.0,1500000.0
	,ODNER FOLIO 75MM BENEX LAMI,60.0,0.0,PCS,1320000.0,0.0,22000.0
	,ODNER FOLIO 75MM GEMA,7.0,0.0,PCS,130000.0,0.0,18571.428571428572
	,ODNER KWT 75MM BENEX LAMI KECIL KWARTO,20.0,0.0,PCS,400000.0,0.0,20000.0
	,OPP 11,106.0,0.0,PCS,954000.0,0.0,9000.0
	,OPP 13,1.0,0.0,PCS,10000.0,0.0,10000.0
	,OPP 14,32.0,0.0,PCS,336000.0,0.0,10500.0
	,OPP 10 X 24,19.0,0.0,PCS,153000.0,0.0,8052.631578947368
	,"OPP 14,5 X 24",6.0,0.0,PCS,67500.0,0.0,11250.0
	,OPP 15 X 24,2.0,0.0,PCS,23500.0,0.0,11750.0
	,"OPP 15,5 X 24",13.0,0.0,PCS,156000.0,0.0,12000.0
	,OPP 16 X 25,1.0,0.0,PCS,12500.0,0.0,12500.0
	,"OPP 16,5 X 25",1.0,0.0,PCS,14500.0,0.0,14500.0
	,"OPP 17,5",1.0,0.0,PCS,17000.0,0.0,17000.0
	,OPP 22 X 30 10R #,65.0,0.0,PCS,1625000.0,0.0,25000.0
	,OPP 30 X 40 PLASTIK A3,3.0,0.0,PCS,105000.0,0.0,35000.0
	,OTG IPHONE,1.0,0.0,PCS,90000.0,0.0,90000.0
	,OTG MICRO,1.0,0.0,PCS,15000.0,0.0,15000.0
	,OTG TYPE C,4.0,0.0,PCS,80000.0,0.0,20000.0
	,OVER STEKER BROCO COLOKAN KAKI 3,2.0,0.0,PCS,40000.0,0.0,20000.0
	,PAJAK,1.0,0.0,Buah,595744.0,0.0,595744.0
	,PAPERLINE 1 PLY A3 CF B1,1.0,0.0,DUS,350000.0,0.0,350000.0
	,PAPERLINE 2 PLY NCR,2.0,0.0,DUS,620000.0,0.0,310000.0
	,PAPERLINE 3 PLY NCR,1.0,0.0,PCS,485000.0,0.0,485000.0
	,PAPERLINE CF K3 W PRS ( 3 PLY PRS ),6.0,0.0,DUS,3030000.0,0.0,505000.0
	,PAPERLINE NK K1 (NOTA KECIL 1 PLY),2.0,0.0,PCS,10000.0,0.0,5000.0
	,PAPERLINE NK K2 (NOTA KECIL 2PLY),241.0,0.0,PCS,737000.0,0.0,3058.091286307054
	,PASTA PROCESSOR  SUNTIK,2.0,0.0,PCS,14500.0,0.0,7250.0
	,PC BUILUP NEO 50T I3 - 12100 DDR4 4GB 256GB SSD LED 18.5 INCS,4.0,0.0,SET,31600000.0,0.0,7900000.0
	,PENGGARIS BESI 30 CM,1.0,0.0,PCS,7500.0,0.0,7500.0
	,PLASTIK KRESEK 03 X 21 SH,5.0,0.0,PCS,125000.0,0.0,25000.0
	,PLASTIK LAMINATING BLUE PRINT F4,14.0,0.0,PCS,1295000.0,0.0,92500.0
	,"PLASTIK OPP 10,5 X 24",349.0,0.0,PCS,3029500.0,0.0,8680.51575931232
	,"PLASTIK OPP 11,5 X 24",64.0,0.0,PCS,576000.0,0.0,9000.0
	,PLASTIK OPP 12 X 24,16.0,0.0,PCS,152500.0,0.0,9531.25
	,"PLASTIK OPP 13,5 X 24",3.0,0.0,PCS,31500.0,0.0,10500.0
	,PLASTIK OPP 17 X 25,21.0,0.0,PCS,312000.0,0.0,14857.142857142857
	,POE HIKVISION 8 PORT,1.0,0.0,PCS,950000.0,0.0,950000.0
	,POMPA PURGE EPSON L3110 L3210 L3250,5.0,0.0,PCS,1775000.0,0.0,355000.0
	,POWER BANK JETE 10.000,1.0,0.0,PCS,180000.0,0.0,180000.0
	,PRINT HEAD CATRIDGE BH 70 CANON G1020,3.0,0.0,PCS,1480000.0,0.0,493333.3333333333
	,PRINT HEAD CATRIDGE CH 70 CANON G1020,4.0,0.0,PCS,1960000.0,0.0,490000.0
	,PRINTER BLUEPRINT THERMAL BP-LITE80D1 BT,4.0,0.0,UNIT,2950000.0,0.0,737500.0
	,PRINTER BROTHER DCP T730DW,1.0,0.0,PCS,4050000.0,0.0,4050000.0
	,PRINTER CANON G1010,29.0,0.0,UNIT,34140000.0,0.0,1177241.3793103448
	,PRINTER CANON G2010,25.0,0.0,UNIT,43630000.0,0.0,1745200.0
	,PRINTER CANON G2770,1.0,0.0,UNIT,1900000.0,0.0,1900000.0
	,PRINTER CANON G3730,1.0,0.0,UNIT,2750000.0,0.0,2750000.0
	,PRINTER CANON G4770,2.0,0.0,UNIT,7400000.0,0.0,3700000.0
	,PRINTER CANON LASERJET LBP 6030,1.0,0.0,UNIT,1850000.0,0.0,1850000.0
	,PRINTER EPSON L121,11.0,0.0,UNIT,17400000.0,0.0,1581818.1818181819
	,PRINTER EPSON L8050,1.0,0.0,UNIT,4750000.0,0.0,4750000.0
	,PRINTER EPSON L18050,1.0,0.0,UNIT,8550000.0,0.0,8550000.0
	,PRINTER EPSON L121 TP,3.0,0.0,UNIT,4875000.0,0.0,1625000.0
	,PRINTER EPSON L14150 A3 PSC WIFI,1.0,0.0,UNIT,7550000.0,0.0,7550000.0
	,"PRINTER EPSON L3211 PRINT, SCAN COPY",25.0,0.0,UNIT,54570000.0,0.0,2182800.0
	,"PRINTER EPSON L3211 PRINT, SCAN COPY TP",5.0,0.0,UNIT,11050000.0,0.0,2210000.0
	,PRINTER EPSON L3251 WIFI TKDN,8.0,0.0,UNIT,21900000.0,0.0,2737500.0
	,PRINTER EPSON LX 310,1.0,0.0,PCS,3100000.0,0.0,3100000.0
	,PRINTER LABEL THERMAL STIKER BP-ECO80BT,1.0,0.0,UNIT,675000.0,0.0,675000.0
	,PRINTER THERMAL BP-ECO58D LISTRIK,4.0,0.0,PCS,1280000.0,0.0,320000.0
	,PROC INTEL CORE - i5 6500 I5 GEN 6,1.0,0.0,PCS,750000.0,0.0,750000.0
	,PROC INTEL CORE I3 GEN 2,12.0,0.0,PCS,4800000.0,0.0,400000.0
	,PROCESSOR  INTEL I5 GEN 4,1.0,0.0,PCS,350000.0,0.0,350000.0
	,PROCESSOR INTEL CORE I5 4590,4.0,0.0,PCS,1650000.0,0.0,412500.0
	,PROJECTOR EPSON EB-E01 XVGA 3LCD,2.0,0.0,UNIT,11200000.0,0.0,5600000.0
	,PROJECTOR VIEW SONIC SP3 SVGA 4800 ANSI LUMENS PORT HDMI #,1.0,0.0,UNIT,4850000.0,0.0,4850000.0
	,PSU AEROCOOL LUX 750W 80 PLUS BRONZE,1.0,0.0,PCS,750000.0,0.0,750000.0
	,PSU CCTV BOX 30A,2.0,0.0,PCS,660000.0,0.0,330000.0
	,PSU CCTV JARING 30A,1.0,0.0,PCS,160000.0,0.0,160000.0
	,PSU CCTV SN 120 20A (JARING),11.0,0.0,PCS,1515000.0,0.0,137727.27272727274
	,PSU DATAFAST 500W,5.0,0.0,PCS,720000.0,0.0,144000.0
	,PSU PC COOLER KF450 450WATT ATX80 PLUS,1.0,0.0,PCS,500000.0,0.0,500000.0
	,PSU PC COOLER PLUSES HW500-NP 500 WATT,2.0,0.0,PCS,760000.0,0.0,380000.0
	,PSU PCCOOLER KF750 750W ATX 80 PLUS 230V,1.0,0.0,PCS,750000.0,0.0,750000.0
	,QUIK CHARGER HP TC JETE C12 TINY TYPE C CABLE,1.0,0.0,PCS,50000.0,0.0,50000.0
	,RAM PC KINGSTON FURY BEAST 8GB DDR 4 PC 3200,1.0,0.0,UNIT,1500000.0,0.0,1500000.0
	,RAM PC KINGSTONE DDR3 4GB,1.0,0.0,PCS,300000.0,0.0,300000.0
	,RAM PC KINGSTONE DDR3 8GB,16.0,0.0,PCS,6115000.0,0.0,382187.5
	,RAM PC KINGSTONE DDR4 8GB #,1.0,0.0,PCS,1650000.0,0.0,1650000.0
	,REFILL PITA PRINTER EPRINT 8758,12.0,0.0,PCS,180000.0,0.0,15000.0
	,REXCO,1.0,0.0,PCS,85000.0,0.0,85000.0
	,RIBBON CATRIDGE EPSON LQ 310,3.0,0.0,PCS,210000.0,0.0,70000.0
	,RIBBON CATRIDGE EPSON LX310,12.0,0.0,PCS,670000.0,0.0,55833.333333333336
	,RIBBON CATRIDGE EPSON PLQ 20,3.0,0.0,PCS,540000.0,0.0,180000.0
	,RIBBON CATRIDGE LQ 2090,2.0,0.0,PCS,170000.0,0.0,85000.0
	,RIBBON CATRIDGE ORI EPSON LQ 2190,6.0,0.0,PCS,1110000.0,0.0,185000.0
	,RJ45 BELDEN,109.0,0.0,BIJI,327000.0,0.0,3000.0
	,RJ45 CAT 5 PASS THROUGH ( TEMBUS ),5.0,0.0,PACK,310000.0,0.0,62000.0
	,RJ45 TEMBUS,118.0,0.0,BIJI,680000.0,0.0,5762.71186440678
	,ROLLER BAWAH EPSON,3.0,0.0,PCS,300000.0,0.0,100000.0
	,SAMBUNGAN HDMI,1.0,0.0,PCS,15000.0,0.0,15000.0
	,SCANNER BARCODE WIRELLES BT LITEEW2D,1.0,0.0,UNIT,500000.0,0.0,500000.0
	,SERVICE,159.0,0.0,JASA,15150000.0,0.0,95283.01886792453
	,SERVICE LAPTOP,1.0,0.0,JASA,100000.0,0.0,100000.0
	,SERVICE PRINTER,3.0,0.0,JASA,110000.0,0.0,36666.666666666664
	,SIDU A4 70,338.0,0.0,PCS,14434500.0,0.0,42705.62130177515
	,SIDU A4 80 GSM,4.0,0.0,PCS,204000.0,0.0,51000.0
	,SIDU F4 70,336.0,0.0,PCS,16014000.0,0.0,47660.71428571428
	,SIDU F4 WARNA KUNING,1.0,0.0,PCS,69000.0,0.0,69000.0
	,SMART IQ JETE J2 SERIES (CHARGE MOBIL),2.0,0.0,PCS,125000.0,0.0,62500.0
	,SODIMM Apacer DDR4 8GB PC 3200,1.0,0.0,PCS,1300000.0,0.0,1300000.0
	,SODIMM KINGSTONE / HYNIX DDR3L 8GB,5.0,0.0,PCS,2250000.0,0.0,450000.0
	,SODIMM KINGSTONE DDR4 16GB PC 3200 #,1.0,0.0,PCS,1450000.0,0.0,1450000.0
	,SODIMM SAMSUNG DDR4 4GB PC 3200,1.0,0.0,PCS,800000.0,0.0,800000.0
	,SODIMM TEAM ELITE DDR5 8GB 5600HZ,1.0,0.0,PCS,1450000.0,0.0,1450000.0
	,SOUNDCARD USB 7.1,2.0,0.0,PCS,40000.0,0.0,20000.0
	,SPEAKER ADVANCE CLS 108,5.0,0.0,PCS,65000.0,0.0,13000.0
	,SPEAKER ADVANCE K1512K,2.0,0.0,UNIT,3700000.0,0.0,1850000.0
	,SPEAKER INBOX GS 03,1.0,0.0,PCS,130000.0,0.0,130000.0
	,SPEAKER LD 18 CHARLIE / BETA / ALPHA,3.0,0.0,PCS,415000.0,0.0,138333.33333333334
	,SPEAKER POLYTRON PAS PRO15F3,4.0,0.0,UNIT,13100000.0,0.0,3275000.0
	,SPEAKER USB K2053,8.0,0.0,PCS,230000.0,0.0,28750.0
	,SPEAKER USB K2066,4.0,0.0,PCS,240000.0,0.0,60000.0
	,SPIDOL PERMANENT SNOWMAN,12.0,0.0,PCS,84999.999996,0.0,7083.333333
	,SPIDOL SNOWMAN WHITE BOARD (WB-BG-12 HT),99.0,0.0,PCS,693999.999984,0.0,7010.101009939394
	,SSD DST SATA 256GB,7.0,0.0,PCS,4950000.0,0.0,707142.8571428572
	,SSD KINGSTONE 500GB M.2 2280 NV3  PCIE 4.0 NVME,1.0,0.0,PCS,1900000.0,0.0,1900000.0
	,SSD SATA 256GB ETOPSO,19.0,0.0,PCS,15400000.0,0.0,810526.3157894737
	,SSD SATA BORY 256GB,1.0,0.0,PCS,700000.0,0.0,700000.0
	,SSD SATA BORY 512GB,3.0,0.0,PCS,4050000.0,0.0,1350000.0
	,SSD SATA GENUINE 256GB,8.0,0.0,PCS,6465000.0,0.0,808125.0
	,SSD SONIX 256GB M.2 NGFF,1.0,0.0,PCS,1050000.0,0.0,1050000.0
	,SSD SONIX 256GB NVME PCIE,4.0,0.0,PCS,3900000.0,0.0,975000.0
	,STAND BARCODE SCANNER,1.0,0.0,PCS,70000.0,0.0,70000.0
	,STAVOLT MOTOR 1000VA SAMOTO,1.0,0.0,UNIT,650000.0,0.0,650000.0
	,STEKER 3 KE 2,2.0,0.0,PCS,50000.0,0.0,25000.0
	,STEPLES KANGARO KECIL NO 10,3.0,0.0,PCS,75000.0,0.0,25000.0
	,STEPLES KANGARO TRENDY 35,2.0,0.0,PCS,65000.0,0.0,32500.0
	,STIKER CAMEL GLOSSY A3 ISI 100,1.0,0.0,PCS,135000.0,0.0,135000.0
	,STIKER CAMEL GLOSSY F4 CAST COAT,5.0,0.0,PCS,325000.0,0.0,65000.0
	,STIKER CAMEL HVS f4,12.0,0.0,PCS,717000.0,0.0,59750.0
	,STIKER NAMA UNDANGAN MOTIF KEMBANG 103,125.0,0.0,PCS,375000.0,0.0,3000.0
	,STIKER NAMA UNDANGAN POLOS (103),243.0,0.0,PCS,734400.0,0.0,3022.222222222222
	,SUNTIKAN SPUIT 10 ML,2.0,0.0,PCS,10000.0,0.0,5000.0
	,SWITCH FRONT PANEL CPU ( TOMBOL POWER CASING ),1.0,0.0,PCS,50000.0,0.0,50000.0
	,SWITCH PRINTER 4 PORT,3.0,0.0,PCS,175000.0,0.0,58333.333333333336
	,TALI TIS,1.0,0.0,PACK,0.0,0.0,0.0
	,TANG CRIMPING ANTI GAGAL,2.0,0.0,PCS,300000.0,0.0,150000.0
	,TAS BRANDED POLOS 14 INCH,3.0,0.0,PCS,160000.0,0.0,53333.333333333336
	,TAS ULTIMATE,2.0,0.0,PCS,250000.0,0.0,125000.0
	,THERMAL 80 X 50,10.0,0.0,PCS,70000.0,0.0,7000.0
	,THERMAL PAPER ROLL BP LITE 80 X 80,24.0,0.0,PCS,360000.0,0.0,15000.0
	,TINTA BROTHER BT5000C CYAN,1.0,0.0,PCS,110000.0,0.0,110000.0
	,TINTA BROTHER BT5000M MAGENTA,1.0,0.0,PCS,110000.0,0.0,110000.0
	,TINTA BROTHER BT5000Y YELLOW,3.0,0.0,PCS,320000.0,0.0,106666.66666666667
	,TINTA CANON ORI 790 BLACK,85.0,0.0,PCS,10000000.0,0.0,117647.05882352941
	,TINTA CANON ORI 790 BLACK NON PACK,4.0,0.0,PCS,480000.0,0.0,120000.0
	,TINTA CANON ORI 790 CYAN,24.0,0.0,PCS,2610000.0,0.0,108750.0
	,TINTA CANON ORI 790 CYAN NON PACK,1.0,0.0,PCS,105000.0,0.0,105000.0
	,TINTA CANON ORI 790 MAGENTA,23.0,0.0,PCS,2500000.0,0.0,108695.65217391304
	,TINTA CANON ORI 790 MAGENTA NON PACK,3.0,0.0,PCS,325000.0,0.0,108333.33333333333
	,TINTA CANON ORI 790 YELLOW,29.0,0.0,PCS,3120000.0,0.0,107586.20689655172
	,TINTA CANON ORI 790 YELLOW NON PACK,3.0,0.0,PCS,325000.0,0.0,108333.33333333333
	,TINTA CANON ORI GI - 71 BLACK,32.0,0.0,PCS,3785000.0,0.0,118281.25
	,TINTA CANON ORI GI - 71 C,33.0,0.0,PCS,3586000.0,0.0,108666.66666666667
	,TINTA CANON ORI GI - 71 M,18.0,0.0,PCS,1976000.0,0.0,109777.77777777778
	,TINTA CANON ORI GI - 71 Y,7.0,0.0,PCS,766000.0,0.0,109428.57142857143
	,TINTA CANON ORI GI 71S BK,11.0,0.0,PCS,935000.0,0.0,85000.0
	,TINTA CANON ORI GI 71S C,2.0,0.0,PCS,140000.0,0.0,70000.0
	,TINTA CANON ORI GI 71S M,4.0,0.0,PCS,280000.0,0.0,70000.0
	,TINTA CANON ORI GI 71S Y,3.0,0.0,PCS,210000.0,0.0,70000.0
	,TINTA EPRINT CANON 100ML BK,3.0,0.0,PCS,96000.0,0.0,32000.0
	,TINTA EPRINT CANON 100ML C,3.0,0.0,PCS,96000.0,0.0,32000.0
	,TINTA EPRINT CANON 100ML M,3.0,0.0,PCS,96000.0,0.0,32000.0
	,TINTA EPRINT CANON 100ML Y,2.0,0.0,PCS,64000.0,0.0,32000.0
	,TINTA EPSON 774,1.0,0.0,PCS,180000.0,0.0,180000.0
	,TINTA EPSON 001 BLACK,3.0,0.0,PCS,560000.0,0.0,186666.66666666666
	,TINTA EPSON 001 CYAN,1.0,0.0,PCS,135000.0,0.0,135000.0
	,TINTA EPSON 001 MAGENTA,2.0,0.0,PCS,270000.0,0.0,135000.0
	,TINTA EPSON 001 YELLOW,4.0,0.0,PCS,510000.0,0.0,127500.0
	,TINTA EPSON 003 BLACK,268.0,0.0,PCS,22887000.0,0.0,85399.25373134328
	,TINTA EPSON 003 CYAN,75.0,0.0,PCS,6425000.0,0.0,85666.66666666667
	,TINTA EPSON 003 MAGENTA,87.0,0.0,PCS,7461000.0,0.0,85758.62068965517
	,TINTA EPSON 003 YELLOW,63.0,0.0,PCS,5423000.0,0.0,86079.36507936507
	,TINTA EPSON 008 BLACK,5.0,0.0,PCS,1380000.0,0.0,276000.0
	,TINTA EPSON 008 CYAN,4.0,0.0,PCS,920000.0,0.0,230000.0
	,TINTA EPSON 008 MAGENTA,1.0,0.0,PCS,235000.0,0.0,235000.0
	,TINTA EPSON 664 BLACK,69.0,0.0,PCS,5881000.0,0.0,85231.88405797101
	,TINTA EPSON 664 CYAN,31.0,0.0,PCS,2642000.0,0.0,85225.80645161291
	,TINTA EPSON 664 MAGENTA,29.0,0.0,PCS,2467000.0,0.0,85068.96551724138
	,TINTA EPSON 664 YELLOW,30.0,0.0,PCS,2561000.0,0.0,85366.66666666667
	,TINTA EPSON 673 BLACK,1.0,0.0,PCS,140000.0,0.0,140000.0
	,TINTA EPSON 673 CYAN,1.0,0.0,PCS,140000.0,0.0,140000.0
	,TINTA EPSON 673 LC,3.0,0.0,PCS,425000.0,0.0,141666.66666666666
	,TINTA EPSON 673 LM,3.0,0.0,PCS,425000.0,0.0,141666.66666666666
	,TINTA EPSON 673 MAGENTA,1.0,0.0,PCS,140000.0,0.0,140000.0
	,TINTA EPSON 673 YELLOW,3.0,0.0,PCS,425000.0,0.0,141666.66666666666
	,TINTA HP  GT 52 MAGENTA,3.0,0.0,PCS,290000.0,0.0,96666.66666666667
	,TINTA HP GT 52 CYAN,2.0,0.0,PCS,190000.0,0.0,95000.0
	,TINTA HP GT 52 YELLOW,2.0,0.0,PCS,190000.0,0.0,95000.0
	,TINTA HP GT 53 BLACK,4.0,0.0,PCS,390000.0,0.0,97500.0
	,TINTA REFFIL BROTHER BTD60BK BLACK,5.0,0.0,PCS,540000.0,0.0,108000.0
	,TINTA SPIDOL SNOWMAN PERMANEN MIG-20 HITAM,2.0,0.0,PCS,18000.0,0.0,9000.0
	,TINTA SPIDOL SNOWMAN WBI-20 HT ( WHITE BOARD ),25.0,0.0,PCS,369000.0,0.0,14760.0
	,TPLINK SF1005 SWITCH LAN 5 PORT ( HUB LAN 5 PORT B),7.0,0.0,PCS,875000.0,0.0,125000.0
	,TPLINK SWITCH 24 PORT TL-SF1024M 10/100MBPS DESKTOP VES2.0 ( HUB LAN 24 PORT ),1.0,0.0,UNIT,550000.0,0.0,550000.0
	,TPLINK SWITCH 5 PORT LS1005 ( HUB LAN 5 PORT K ),2.0,0.0,UNIT,195000.0,0.0,97500.0
	,TPLINK SWITCH 5 PORT TL-SG1005D GIGABIT #,2.0,0.0,PCS,380000.0,0.0,190000.0
	,TPLINK SWITCH 8 PORT LS1008 (HUB LAN 8 PORT K),1.0,0.0,PCS,120000.0,0.0,120000.0
	,TPLINK SWITCH 8 PORT SG1008D ( GIGABIT HUB LAN ),3.0,0.0,UNIT,900000.0,0.0,300000.0
	,TPLINK SWITCH 8 PORT TL SF1008D HUB ( HUB LAN 8 PORT B ),4.0,0.0,PCS,600000.0,0.0,150000.0
	,TPLINK TL WR844N,11.0,0.0,UNIT,1910000.0,0.0,173636.36363636365
	,TRIPOT HP 3120A #,1.0,0.0,PCS,85000.0,0.0,85000.0
	,TRIPOT LAYAR PROJECTOR 70' 172cm x 172cm SCREEN PROJECTOR,2.0,0.0,PCS,1050000.0,0.0,525000.0
	,TWS JETE CS6,1.0,0.0,PCS,200000.0,0.0,200000.0
	,UGREEN LASER POINTER,2.0,0.0,PCS,290000.0,0.0,145000.0
	,UNDANGAN LIBRA 11 HIJAU,39.0,0.0,PCS,614000.0,0.0,15743.589743589744
	,UNDANGAN LIBRA 12 HIJAU,85.0,0.0,PCS,1320000.0,0.0,15529.411764705883
	,UNDANGAN LIBRA 13 HIJAU,3.0,0.0,PCS,48000.0,0.0,16000.0
	,UNDANGAN LIBRA 14 COKLAT,86.0,0.0,PCS,1306000.0,0.0,15186.046511627907
	,UNDANGAN LIBRA 15 COKLAT,60.0,0.0,PCS,920000.0,0.0,15333.333333333334
	,UNDANGAN LIBRA 17 BIRU,33.0,0.0,PCS,498000.0,0.0,15090.90909090909
	,UNDANGAN LIBRA 18 BIRU,42.0,0.0,PCS,642000.0,0.0,15285.714285714286
	,UNDANGAN LIBRA 19 BIRU,85.0,0.0,PCS,1310000.0,0.0,15411.764705882353
	,UPS PROLINK PRO 1210 (1200VA),2.0,0.0,PCS,2500000.0,0.0,1250000.0
	,UPS PROLINK PRO 700 (650 VA),7.0,0.0,PCS,4950000.0,0.0,707142.8571428572
	,USB BLUETOOTH AUDIO MUSIC RECEIVER  3.5 MM,3.0,0.0,PCS,105000.0,0.0,35000.0
	,USB BLUETOOTH V5,2.0,0.0,PCS,65000.0,0.0,32500.0
	,USB LAN 3.0 GIGABIT,7.0,0.0,PCS,360000.0,0.0,51428.57142857143
	,USB LAN TYPE C 3.0 GIGABIT,2.0,0.0,PCS,130000.0,0.0,65000.0
	,USB TO ETHERNET ADAPTER (USB LAN),1.0,0.0,PCS,45000.0,0.0,45000.0
	,USB WIFI TPLINK TL WN725N NANO SIZE,23.0,0.0,PCS,2300000.0,0.0,100000.0
	,VGA CARD ASUS GT 730 2GB GDDR5,1.0,0.0,PCS,950000.0,0.0,950000.0
	,VOXY GAMEPAD DOUBLE WIRELESS TURBO,1.0,0.0,PCS,185000.0,0.0,185000.0
	,VOXY MOUSE WIRELESS E24 CHARGER,10.0,0.0,PCS,325000.0,0.0,32500.0
	,VOXY PSU ZEUS 550W,2.0,0.0,PCS,280000.0,0.0,140000.0
	,WEBCAM HD 1080P #,1.0,0.0,PCS,170000.0,0.0,170000.0
	,WEBCAM JETE W7 1080P,3.0,0.0,PCS,600000.0,0.0,200000.0
	,keyboard acer es1 132 tombol on off,1.0,0.0,PCS,160000.0,0.0,160000.0
