Nama Akun,Tanggal,Transaksi,Nomor,Keterangan,Debit,Kredit,Saldo,Tags
(1-10001) Kas,19/06/2026,Saldo Awal,"","",0.0,0.0,22428771356.66,
(1-10001) Kas,20/06/2026,Receive Payment,202882,Sales Invoice #JL.2026.14245,820000.0,0.0,22429591356.66,
(1-10001) Kas,20/06/2026,Receive Payment,202883,Sales Invoice #JL.2026.14246,1530000.0,0.0,22431121356.66,
(1-10001) Kas,20/06/2026,Receive Payment,202884,Sales Invoice #JL.2026.14247,1750000.0,0.0,22432871356.66,
(1-10001) Kas,20/06/2026,Purchase Payment,27881,Purchase Invoice #JL5526050582,0.0,6400000.0,22426471356.66,AGUS
(1-10001) Kas,20/06/2026,Purchase Payment,27882,Purchase Invoice #JKT-JKT01A-NC26041699,0.0,7000000.0,22419471356.66,
(1-10001) Kas,20/06/2026,Purchase Payment,27883,Purchase Invoice #JKT-JKT01A-NC26041699,0.0,7000000.0,22412471356.66,
(1-10001) Kas,20/06/2026,Purchase Payment,27885,Purchase Invoice #JKT-JKT01A-NC26041699,0.0,7500000.0,22404971356.66,
(1-10001) Kas,20/06/2026,Receive Payment,202885,Sales Invoice #JL.2026.14248,580000.0,0.0,22405551356.66,
(1-10001) Kas,20/06/2026,Receive Payment,202886,Sales Invoice #JL.2026.14249,35000.0,0.0,22405586356.66,
(1-10001) Kas,20/06/2026,Receive Payment,202887,Sales Invoice #JL.2026.14157,778000.0,0.0,22406364356.66,
(1-10001) Kas,20/06/2026,Receive Payment,202888,Sales Invoice #JL.2026.14250,706000.0,0.0,22407070356.66,
(1-10001) Kas,20/06/2026,Receive Payment,202889,Sales Invoice #JL.2026.14252,14450000.0,0.0,22421520356.66,
(1-10001) Kas,20/06/2026,Receive Payment,202890,Sales Invoice #JL.2026.14253,505000.0,0.0,22422025356.66,
(1-10001) Kas,20/06/2026,Receive Payment,202891,Sales Invoice #JL.2026.14254,4700000.0,0.0,22426725356.66,
(1-10001) Kas,20/06/2026,Receive Payment,202892,Sales Invoice #JL.2026.14255,4700000.0,0.0,22431425356.66,
(1-10001) Kas,20/06/2026,Receive Payment,202893,Sales Invoice #JL.2026.14256,442500.0,0.0,22431867856.66,
(1-10001) Kas,20/06/2026,Receive Payment,202894,Sales Invoice #JL.2026.14257,1440100.0,0.0,22433307956.66,
(1-10001) Kas,20/06/2026,Receive Payment,202895,Sales Invoice #JL.2026.14258,50000.0,0.0,22433357956.66,SERVICE
(1-10001) Kas,20/06/2026,Receive Payment,202896,Sales Invoice #JL.2026.14259,1098500.0,0.0,22434456456.66,
(1-10001) Kas,20/06/2026,Receive Payment,202897,Sales Invoice #JL.2026.14260,500000.0,0.0,22434956456.66,
(1-10001) Kas,20/06/2026,Purchase Payment,27886,Purchase Invoice #FK 5191,0.0,17678000.0,22417278456.66,CV TIGA NUSA
(1-10001) Kas,20/06/2026,Purchase Payment,27887,Purchase Invoice #JL.2605.05827,0.0,15200000.0,22402078456.66,CV TIGA NUSA
(1-10001) Kas,20/06/2026,Purchase Payment,27888,Purchase Invoice #JL.2605.05662,0.0,4835000.0,22397243456.66,CV TIGA NUSA
(1-10001) Kas,20/06/2026,Purchase Payment,27889,Purchase Invoice #JL.2605.05740,0.0,1375000.0,22395868456.66,CV TIGA NUSA
(1-10001) Kas,20/06/2026,Receive Payment,202898,Sales Invoice #JL.2026.14261,451000.0,0.0,22396319456.66,
(1-10001) Kas,20/06/2026,Receive Payment,202899,Sales Invoice #JL.2026.14262,30000.0,0.0,22396349456.66,SERVICE
(1-10001) Kas,20/06/2026,Receive Payment,202900,Sales Invoice #JL.2026.14264,13000000.0,0.0,22409349456.66,
(1-10001) Kas,20/06/2026,Purchase Payment,27890,Purchase Invoice #JK/26/06/0043,0.0,13700000.0,22395649456.66,RAHMAT
(1-10001) Kas,20/06/2026,Receive Payment,202901,Sales Invoice #JL.2026.14265,70000.0,0.0,22395719456.66,
(1-10001) Kas,20/06/2026,Receive Payment,202902,Sales Invoice #JL.2026.14266,7100000.0,0.0,22402819456.66,
(1-10001) Kas,20/06/2026,Receive Payment,202903,Sales Invoice #JL.2026.14267,815000.0,0.0,22403634456.66,SERVICE
(1-10001) Kas,20/06/2026,Receive Payment,202904,Sales Invoice #JL.2026.14268,271000.0,0.0,22403905456.66,
(1-10001) Kas,20/06/2026,Receive Payment,202905,Sales Invoice #JL.2026.14269,334000.0,0.0,22404239456.66,
(1-10001) Kas,20/06/2026,Receive Payment,202906,Sales Invoice #JL.2026.14270,450000.0,0.0,22404689456.66,
(1-10001) Kas,20/06/2026,Purchase Payment,27891,Purchase Invoice #17753,0.0,2415000.0,22402274456.66,
(1-10001) Kas,20/06/2026,Purchase Payment,27892,Purchase Invoice #17747,0.0,1500000.0,22400774456.66,
(1-10001) Kas,20/06/2026,Receive Payment,202907,Sales Invoice #JL.2026.14272,100000.0,0.0,22400874456.66,
(1-10001) Kas,20/06/2026,Receive Payment,202908,Sales Invoice #JL.2026.14274,435000.0,0.0,22401309456.66,
(1-10001) Kas,20/06/2026,Receive Payment,202909,Sales Invoice #JL.2026.14273,4537000.0,0.0,22405846456.66,
(1-10001) Kas,20/06/2026,Receive Payment,202910,Sales Invoice #JL.2026.14271,4560000.0,0.0,22410406456.66,
(1-10001) Kas,20/06/2026,Receive Payment,202911,Sales Invoice #JL.2026.14276,30000.0,0.0,22410436456.66,
(1-10001) Kas,20/06/2026,Receive Payment,202912,Sales Invoice #JL.2026.14277,50000.0,0.0,22410486456.66,SERVICE
(1-10001) Kas,20/06/2026,Receive Payment,202913,Sales Invoice #JL.2026.14278,350000.0,0.0,22410836456.66,
(1-10001) Kas,20/06/2026,Receive Payment,202914,Sales Invoice #JL.2026.14279,144000.0,0.0,22410980456.66,
(1-10001) Kas,20/06/2026,Receive Payment,202915,Sales Invoice #JL.2026.14281,108000.0,0.0,22411088456.66,
(1-10001) Kas,20/06/2026,Receive Payment,202916,Sales Invoice #JL.2026.14283,400000.0,0.0,22411488456.66,
(1-10001) Kas,20/06/2026,Receive Payment,202917,Sales Invoice #JL.2026.14282,110800.0,0.0,22411599256.66,
(1-10001) Kas,20/06/2026,Receive Payment,202918,Sales Invoice #JL.2026.14284,2225000.0,0.0,22413824256.66,
(1-10001) Kas,20/06/2026,Receive Payment,202919,Sales Invoice #JL.2026.14285,65000.0,0.0,22413889256.66,
(1-10001) Kas,20/06/2026,Receive Payment,202920,Sales Invoice #JL.2026.14286,50000.0,0.0,22413939256.66,SERVICE
(1-10001) Kas,20/06/2026,Receive Payment,202921,Sales Invoice #JL.2026.14287,150000.0,0.0,22414089256.66,SERVICE
(1-10001) Kas,20/06/2026,Receive Payment,202922,Sales Invoice #JL.2026.14288,47000.0,0.0,22414136256.66,
(1-10001) Kas,20/06/2026,Receive Payment,202923,Sales Invoice #JL.2026.14289,3900000.0,0.0,22418036256.66,
(1-10001) Kas,20/06/2026,Receive Payment,202924,Sales Invoice #JL.2026.14290,3900000.0,0.0,22421936256.66,
(1-10001) Kas,20/06/2026,Receive Payment,202925,Sales Invoice #JL.2026.14291,120000.0,0.0,22422056256.66,
(1-10001) Kas,20/06/2026,Receive Payment,202926,Sales Invoice #JL.2026.14292,12100000.0,0.0,22434156256.66,
(1-10001) Kas,20/06/2026,Receive Payment,202927,Sales Invoice #JL.2026.14293,20000.0,0.0,22434176256.66,
(1-10001) Kas,20/06/2026,Receive Payment,202928,Sales Invoice #JL.2026.14294,180000.0,0.0,22434356256.66,
(1-10001) Kas,20/06/2026,Receive Payment,202929,Sales Invoice #JL.2026.14296,100000.0,0.0,22434456256.66,SERVICE
(1-10001) Kas,20/06/2026,Receive Payment,202930,Sales Invoice #JL.2026.14295,60000.0,0.0,22434516256.66,
(1-10001) Kas,20/06/2026,Receive Payment,202931,Sales Invoice #JL.2026.14297,50000.0,0.0,22434566256.66,SERVICE
(1-10001) Kas,20/06/2026,Receive Payment,202932,Sales Invoice #JL.2026.14298,210000.0,0.0,22434776256.66,
(1-10001) Kas,20/06/2026,Receive Payment,202933,Sales Invoice #JL.2026.14299,290000.0,0.0,22435066256.66,
(1-10001) Kas,20/06/2026,Receive Payment,202934,Sales Invoice #JL.2026.14300,70000.0,0.0,22435136256.66,
(1-10001) Kas,20/06/2026,Purchase Payment,27894,Purchase Invoice #7075,0.0,5200000.0,22429936256.66,
(1-10001) Kas,20/06/2026,Receive Payment,202935,Sales Invoice #JL.2026.14301,15000.0,0.0,22429951256.66,
(1-10001) Kas,20/06/2026,Receive Payment,202936,Sales Invoice #JL.2026.14302,585000.0,0.0,22430536256.66,
(1-10001) Kas,20/06/2026,Receive Payment,202937,Sales Invoice #JL.2026.14303,1200000.0,0.0,22431736256.66,
(1-10001) Kas,20/06/2026,Receive Payment,202938,Sales Invoice #JL.2026.14305,740000.0,0.0,22432476256.66,
(1-10001) Kas,20/06/2026,Receive Payment,202939,Sales Invoice #JL.2026.14306,145400.0,0.0,22432621656.66,
(1-10001) Kas,20/06/2026,Receive Payment,202940,Sales Invoice #JL.2026.14307,12000.0,0.0,22432633656.66,
(1-10001) Kas,20/06/2026,Receive Payment,202941,Sales Invoice #JL.2026.14308,440000.0,0.0,22433073656.66,
(1-10002) Rekening Bank,19/06/2026,Saldo Awal,"","",0.0,0.0,100000000.0,
(1-10100) Piutang Usaha,19/06/2026,Saldo Awal,"","",0.0,0.0,207244244.01,
(1-10100) Piutang Usaha,20/06/2026,Sales Invoice,JL.2026.14245,CCTV CAM DAHUA HAC-T1A21 IR BULLET (INDOOR); CCTV CAM DAHUA HAC B1A21 IR BULLET (OUTDOOR),820000.0,0.0,208064244.01,
(1-10100) Piutang Usaha,20/06/2026,Receive Payment,202882,Sales Invoice #JL.2026.14245,0.0,820000.0,207244244.01,
(1-10100) Piutang Usaha,20/06/2026,Sales Invoice,JL.2026.14246,KERTAS FOTO SPECTRA SILKY 260; TINTA CANON ORI 790 CYAN; TINTA CANON ORI 790 MAGENTA; TINTA CANON ORI 790 YELLOW,1530000.0,0.0,208774244.01,
(1-10100) Piutang Usaha,20/06/2026,Receive Payment,202883,Sales Invoice #JL.2026.14246,0.0,1530000.0,207244244.01,
(1-10100) Piutang Usaha,20/06/2026,Sales Invoice,JL.2026.14247,* PRINTER CANON G2010 PSC; Memo: TOMI 082 340 365 128,1750000.0,0.0,208994244.01,
(1-10100) Piutang Usaha,20/06/2026,Receive Payment,202884,Sales Invoice #JL.2026.14247,0.0,1750000.0,207244244.01,
(1-10100) Piutang Usaha,20/06/2026,Sales Invoice,JL.2026.14248,CCTV DVR DAHUA DH-XVR1B04-I 4CH - M,580000.0,0.0,207824244.01,
(1-10100) Piutang Usaha,20/06/2026,Receive Payment,202885,Sales Invoice #JL.2026.14248,0.0,580000.0,207244244.01,
(1-10100) Piutang Usaha,20/06/2026,Sales Invoice,JL.2026.14249,KABEL CCTV PERMETER,35000.0,0.0,207279244.01,
(1-10100) Piutang Usaha,20/06/2026,Receive Payment,202886,Sales Invoice #JL.2026.14249,0.0,35000.0,207244244.01,
(1-10100) Piutang Usaha,20/06/2026,Receive Payment,202887,Sales Invoice #JL.2026.14157,0.0,778000.0,206466244.01,
(1-10100) Piutang Usaha,20/06/2026,Sales Invoice,JL.2026.14250,KERTAS FOTO DATA PRINT GLOSSY 230 GSM (BURUNG); ALFA INK ECO TANK EPSON BLACK; CATRIDGE CANON CA92 / CH7 (G2010); OPP 30 X 40 PLASTIK A3; OPP 22 X 30 10R #; EARPHONE JETE CLASSIC 2,580000.0,0.0,207046244.01,
(1-10100) Piutang Usaha,20/06/2026,Sales Invoice,JL.2026.14251,BLUEPRINT CANON MAGENTA (100ML); BLUEPRINT CANON CYAN (100ML); BLUEPRINT CANON YELLOW (100ML),126000.0,0.0,207172244.01,
(1-10100) Piutang Usaha,20/06/2026,Receive Payment,202888,Sales Invoice #JL.2026.14250,0.0,580000.0,206592244.01,
(1-10100) Piutang Usaha,20/06/2026,Receive Payment,202888,Sales Invoice #JL.2026.14251,0.0,126000.0,206466244.01,
(1-10100) Piutang Usaha,20/06/2026,Sales Invoice,JL.2026.14252,* ASUS TUF Gaming A15 FA506NCG AMD Ryzen 7 7445HS 16GB DDR5 512GB RTX3050 4GB W11; MOUSE BRANDED; COOLINGPAD NC 32 1FAN BESAR; MOUSEPAD LOGITECH / MICROSOFT; SODIMM TEAM ELITE DDR5 8GB 5600HZ; Memo: CANDRA 082340300157,14450000.0,0.0,220916244.01,
(1-10100) Piutang Usaha,20/06/2026,Receive Payment,202889,Sales Invoice #JL.2026.14252,0.0,14450000.0,206466244.01,
(1-10100) Piutang Usaha,20/06/2026,Sales Invoice,JL.2026.14253,OPP 22 X 30 10R #; KABEL DATA 5 PIN; KABEL DATA JETE MICRO TINY 5; SIDU F4 70; ADAPTOR ACER OR 19V 3.42A (KUNING); MOUSE VOTRE / VOXY,505000.0,0.0,206971244.01,
(1-10100) Piutang Usaha,20/06/2026,Receive Payment,202890,Sales Invoice #JL.2026.14253,0.0,505000.0,206466244.01,
(1-10100) Piutang Usaha,20/06/2026,Sales Invoice,JL.2026.14254,AXIOO HYPE 10 INTEL N4020 8 256 #; MOUSE VOTRE / VOXY; COOLINGPAD KEPITING; MOUSEPAD LOGITECH / MICROSOFT; Memo: RUSDAN 082359286918,4700000.0,0.0,211166244.01,
(1-10100) Piutang Usaha,20/06/2026,Receive Payment,202891,Sales Invoice #JL.2026.14254,0.0,4700000.0,206466244.01,
(1-10100) Piutang Usaha,20/06/2026,Sales Invoice,JL.2026.14255,AXIOO HYPE 10 INTEL N4020 8 256 #; MOUSE VOTRE / VOXY; COOLINGPAD KEPITING; MOUSEPAD LOGITECH / MICROSOFT; Memo: IBU SRI 085237109893,4700000.0,0.0,211166244.01,
(1-10100) Piutang Usaha,20/06/2026,Receive Payment,202892,Sales Invoice #JL.2026.14255,0.0,4700000.0,206466244.01,
(1-10100) Piutang Usaha,20/06/2026,Sales Invoice,JL.2026.14256,"SIDU A4 70; TINTA EPSON 003 BLACK; KERTAS BUFFALO PUTIH; OPP 16,5 X 25; STIKER NAMA UNDANGAN POLOS (103) - ( 1 PACK ISI 25 PCS ); USB WIFI TPLINK TL WN725N NANO SIZE",442500.0,0.0,206908744.01,
(1-10100) Piutang Usaha,20/06/2026,Receive Payment,202893,Sales Invoice #JL.2026.14256,0.0,442500.0,206466244.01,
(1-10100) Piutang Usaha,20/06/2026,Sales Invoice,JL.2026.14257,"TINTA EPSON 003 MAGENTA; KERTAS FOTO SPECTRA A3 GLOSSY; TINTA CANON ORI 790 BLACK; KERTAS 2 PLY PRS; PAPERLINE 3 PLY NCR; TINTA EPSON 003 BLACK; * KERTAS THERMAL 57 X 38 MM (EDC); KERTAS BUFFALO PUTIH; PLASTIK OPP 10,5 X 24; * STIKER NAMA UNDANGAN POLOS (103)",1440100.0,0.0,207906344.01,
(1-10100) Piutang Usaha,20/06/2026,Receive Payment,202894,Sales Invoice #JL.2026.14257,0.0,1440100.0,206466244.01,
(1-10100) Piutang Usaha,20/06/2026,Sales Invoice,JL.2026.14258,JASA SERVICE; Memo: 085253738332,50000.0,0.0,206516244.01,SERVICE
(1-10100) Piutang Usaha,20/06/2026,Receive Payment,202895,Sales Invoice #JL.2026.14258,0.0,50000.0,206466244.01,SERVICE
(1-10100) Piutang Usaha,20/06/2026,Sales Invoice,JL.2026.14259,"OPP 15 X 24; BLUEPRINT CANON BLACK (100ML); SIDU A4 70; OPP 15,5 X 24; OPP 22 X 30 10R #; TPLINK TL WR844N; SIDU A4 70; KABEL HDMI 1,5 METER; CONVERTER TYPE C 4 IN 1 ( HDMI, VGA, USB, TYPE C ); MOUSE M256 WIRELESS DATAFAST SILENT BT + ON OFF; BATERAI 1616; MOUSE M256 WIRELESS DATAFAST SILENT BT + ON OFF; KABEL LAN ZIMM LINK PERMETER; RJ45 TEMBUS; KABEL HDMI 1,5 METER; SIDU A4 70; TINTA EPSON 003 BLACK; BLUEPRINT KERTAS INKJET PAPER ( ISI 50 )",1098500.0,0.0,207564744.01,
(1-10100) Piutang Usaha,20/06/2026,Sales Invoice,JL.2026.14260,BATERAI ACER ES1 432 AS16A8K / AS16A5K; Memo: 085205039226,500000.0,0.0,208064744.01,
(1-10100) Piutang Usaha,20/06/2026,Receive Payment,202896,Sales Invoice #JL.2026.14259,0.0,1098500.0,206966244.01,
(1-10100) Piutang Usaha,20/06/2026,Receive Payment,202897,Sales Invoice #JL.2026.14260,0.0,500000.0,206466244.01,
(1-10100) Piutang Usaha,20/06/2026,Sales Invoice,JL.2026.14261,BLUEPRINT CANON BLACK (100ML); BLUEPRINT CANON MAGENTA (100ML); BLUEPRINT CANON YELLOW (100ML); BLUEPRINT CANON CYAN (100ML),451000.0,0.0,206917244.01,
(1-10100) Piutang Usaha,20/06/2026,Receive Payment,202898,Sales Invoice #JL.2026.14261,0.0,451000.0,206466244.01,
(1-10100) Piutang Usaha,20/06/2026,Sales Invoice,JL.2026.14262,JASA SERVICE,30000.0,0.0,206496244.01,SERVICE
(1-10100) Piutang Usaha,20/06/2026,Receive Payment,202899,Sales Invoice #JL.2026.14262,0.0,30000.0,206466244.01,SERVICE
(1-10100) Piutang Usaha,20/06/2026,Sales Invoice,JL.2026.14264,"AIO ASUS A3202WBAK INTEL 7305 8GB 256GB SSD 21,5"" WIN 11 #",13000000.0,0.0,219466244.01,
(1-10100) Piutang Usaha,20/06/2026,Receive Payment,202900,Sales Invoice #JL.2026.14264,0.0,13000000.0,206466244.01,
(1-10100) Piutang Usaha,20/06/2026,Sales Invoice,JL.2026.14265,FD U2 8GB JETE,70000.0,0.0,206536244.01,
(1-10100) Piutang Usaha,20/06/2026,Receive Payment,202901,Sales Invoice #JL.2026.14265,0.0,70000.0,206466244.01,
(1-10100) Piutang Usaha,20/06/2026,Receive Payment,202902,Sales Invoice #JL.2026.14266,0.0,7100000.0,199366244.01,
(1-10100) Piutang Usaha,20/06/2026,Sales Invoice,JL.2026.14267,KEYBOARD ACER E5 471 TANPA ON OFF; SERVICE; BATERAI CMOS CR2032; BATERAI ACER E5 471 (AL14A32); * ROBOT RS180 MULTIMEDIA SPEAKER; Memo: SAKINA 085 237 084 956,815000.0,0.0,200181244.01,SERVICE
(1-10100) Piutang Usaha,20/06/2026,Receive Payment,202903,Sales Invoice #JL.2026.14267,0.0,815000.0,199366244.01,SERVICE
(1-10100) Piutang Usaha,20/06/2026,Sales Invoice,JL.2026.14268,SIDU A4 70; MIKA JILID MERAH TUA; KERTAS BUFFALO MERAH (NO 1),271000.0,0.0,199637244.01,
(1-10100) Piutang Usaha,20/06/2026,Receive Payment,202904,Sales Invoice #JL.2026.14268,0.0,271000.0,199366244.01,
(1-10100) Piutang Usaha,20/06/2026,Sales Invoice,JL.2026.14269,CATRIDGE CANON 810 BLACK; BLUEPRINT CANON MAGENTA (100ML); BLUEPRINT CANON YELLOW (100ML),334000.0,0.0,199700244.01,
(1-10100) Piutang Usaha,20/06/2026,Receive Payment,202905,Sales Invoice #JL.2026.14269,0.0,334000.0,199366244.01,
(1-10100) Piutang Usaha,20/06/2026,Sales Invoice,JL.2026.14270,CATRDIGE CANON CA91 / BH7 (G2010); SERVICE - ROL KECIL; Memo: SYARIF 081 353 565 298,450000.0,0.0,199816244.01,
(1-10100) Piutang Usaha,20/06/2026,Receive Payment,202906,Sales Invoice #JL.2026.14270,0.0,450000.0,199366244.01,
(1-10100) Piutang Usaha,20/06/2026,Sales Invoice,JL.2026.14271,"PRINTER EPSON L3211 PRINT, SCAN COPY TP; PRINTER EPSON L121; TINTA EPSON 003 YELLOW; TINTA EPSON 003 BLACK",4560000.0,0.0,203926244.01,
(1-10100) Piutang Usaha,20/06/2026,Sales Invoice,JL.2026.14272,KARET ROLLER BAWAH EPSON; Memo: 082340030650,100000.0,0.0,204026244.01,
(1-10100) Piutang Usaha,20/06/2026,Receive Payment,202907,Sales Invoice #JL.2026.14272,0.0,100000.0,203926244.01,
(1-10100) Piutang Usaha,20/06/2026,Sales Invoice,JL.2026.14273,TINTA EPSON 003 BLACK; TINTA EPSON 664 BLACK; TINTA EPSON 664 CYAN; TINTA EPSON 664 YELLOW; TINTA EPSON 664 MAGENTA; TINTA CANON ORI 790 BLACK; TINTA CANON ORI 790 CYAN; TINTA CANON ORI 790 YELLOW; TINTA CANON ORI 790 MAGENTA; TINTA CANON ORI GI - 71 BLACK; TINTA CANON ORI GI - 71 C; * TINTA CANON ORI GI - 71 Y; * TINTA CANON ORI GI - 71 M; ALFA INK CANON BLACK 100CC,4537000.0,0.0,208463244.01,
(1-10100) Piutang Usaha,20/06/2026,Sales Invoice,JL.2026.14274,FD U2 JETE 16GB; CATRDIGE CANON CA91 / BH7 (G2010),435000.0,0.0,208898244.01,
(1-10100) Piutang Usaha,20/06/2026,Receive Payment,202908,Sales Invoice #JL.2026.14274,0.0,435000.0,208463244.01,
(1-10100) Piutang Usaha,20/06/2026,Receive Payment,202909,Sales Invoice #JL.2026.14273,0.0,4537000.0,203926244.01,
(1-10100) Piutang Usaha,20/06/2026,Receive Payment,202910,Sales Invoice #JL.2026.14271,0.0,4560000.0,199366244.01,
(1-10100) Piutang Usaha,20/06/2026,Sales Invoice,JL.2026.14276,ALFA KERTAS THERMAL 57 X 38,30000.0,0.0,199396244.01,
(1-10100) Piutang Usaha,20/06/2026,Receive Payment,202911,Sales Invoice #JL.2026.14276,0.0,30000.0,199366244.01,
(1-10100) Piutang Usaha,20/06/2026,Sales Invoice,JL.2026.14277,JASA SERVICE; Memo: 082340954702,50000.0,0.0,199416244.01,SERVICE
(1-10100) Piutang Usaha,20/06/2026,Receive Payment,202912,Sales Invoice #JL.2026.14277,0.0,50000.0,199366244.01,SERVICE
(1-10100) Piutang Usaha,20/06/2026,Sales Invoice,JL.2026.14278,"LCD LAPTOP 11,6 30 PIN (KK)",350000.0,0.0,199716244.01,
(1-10100) Piutang Usaha,20/06/2026,Receive Payment,202913,Sales Invoice #JL.2026.14278,0.0,350000.0,199366244.01,
(1-10100) Piutang Usaha,20/06/2026,Sales Invoice,JL.2026.14279,KEYBOARD MINI BANDA / MURAGO; NOTA NCR PAPERLINE 2 PLY BESAR; CLEANER HEAD #; ALFA KERTAS THERMAL 57 X 38,144000.0,0.0,199510244.01,
(1-10100) Piutang Usaha,20/06/2026,Receive Payment,202914,Sales Invoice #JL.2026.14279,0.0,144000.0,199366244.01,
(1-10100) Piutang Usaha,20/06/2026,Sales Invoice,JL.2026.14280,GAMEPAD DOUBLE BLACK; KABEL LAN ZIMM LINK; PRINTER CANON G1010,4570000.0,0.0,203936244.01,
(1-10100) Piutang Usaha,20/06/2026,Sales Invoice,JL.2026.14281,BLUEPRINT KERTAS FOTO STIKER A4; BLUEPRINT DOUBLE SIDED PHOTO PAPER,108000.0,0.0,204044244.01,
(1-10100) Piutang Usaha,20/06/2026,Receive Payment,202915,Sales Invoice #JL.2026.14281,0.0,108000.0,203936244.01,
(1-10100) Piutang Usaha,20/06/2026,Sales Invoice,JL.2026.14282,STIKER NAMA UNDANGAN POLOS (103) - ( 1 PACK ISI 25 PCS ); BLUEPRINT KERTAS INKJET PAPER ( ISI 50 ),110800.0,0.0,204047044.01,
(1-10100) Piutang Usaha,20/06/2026,Sales Invoice,JL.2026.14283,BATERAI LAPTOP ASUS X441,400000.0,0.0,204447044.01,
(1-10100) Piutang Usaha,20/06/2026,Receive Payment,202916,Sales Invoice #JL.2026.14283,0.0,400000.0,204047044.01,
(1-10100) Piutang Usaha,20/06/2026,Receive Payment,202917,Sales Invoice #JL.2026.14282,0.0,110800.0,203936244.01,
(1-10100) Piutang Usaha,20/06/2026,Sales Invoice,JL.2026.14284,"PRINTER EPSON L3211 PRINT, SCAN COPY TP; Memo: IWAN 082340887319",2225000.0,0.0,206161244.01,
(1-10100) Piutang Usaha,20/06/2026,Receive Payment,202918,Sales Invoice #JL.2026.14284,0.0,2225000.0,203936244.01,
(1-10100) Piutang Usaha,20/06/2026,Sales Invoice,JL.2026.14285,* ROBOT HUB USB H140-80,65000.0,0.0,204001244.01,
(1-10100) Piutang Usaha,20/06/2026,Sales Invoice,JL.2026.14286,JASA SERVICE; Memo: 085183939281,50000.0,0.0,204051244.01,SERVICE
(1-10100) Piutang Usaha,20/06/2026,Receive Payment,202919,Sales Invoice #JL.2026.14285,0.0,65000.0,203986244.01,
(1-10100) Piutang Usaha,20/06/2026,Receive Payment,202920,Sales Invoice #JL.2026.14286,0.0,50000.0,203936244.01,SERVICE
(1-10100) Piutang Usaha,20/06/2026,Sales Invoice,JL.2026.14287,JASA SERVICE; Memo: 085338965697,150000.0,0.0,204086244.01,SERVICE
(1-10100) Piutang Usaha,20/06/2026,Receive Payment,202921,Sales Invoice #JL.2026.14287,0.0,150000.0,203936244.01,SERVICE
(1-10100) Piutang Usaha,20/06/2026,Sales Invoice,JL.2026.14288,SIDU F4 70,47000.0,0.0,203983244.01,
(1-10100) Piutang Usaha,20/06/2026,Receive Payment,202922,Sales Invoice #JL.2026.14288,0.0,47000.0,203936244.01,
(1-10100) Piutang Usaha,20/06/2026,Sales Invoice,JL.2026.14289,"AXIOO HYPE 1 N4020 4GB 128GB WIN 11 14"" #; MOUSE VOTRE / VOXY; COOLINGPAD KEPITING; MOUSEPAD LOGITECH / MICROSOFT; Memo: ZELSI 082324725886",3900000.0,0.0,207836244.01,
(1-10100) Piutang Usaha,20/06/2026,Receive Payment,202923,Sales Invoice #JL.2026.14289,0.0,3900000.0,203936244.01,
(1-10100) Piutang Usaha,20/06/2026,Sales Invoice,JL.2026.14290,"AXIOO HYPE 1 N4020 4GB 128GB WIN 11 14"" #; MOUSE VOTRE / VOXY; COOLINGPAD KEPITING; MOUSEPAD LOGITECH / MICROSOFT; Memo: IGEL 081935042497",3900000.0,0.0,207836244.01,
(1-10100) Piutang Usaha,20/06/2026,Sales Invoice,JL.2026.14291,FD U2 JETE 32GB,120000.0,0.0,207956244.01,
(1-10100) Piutang Usaha,20/06/2026,Receive Payment,202924,Sales Invoice #JL.2026.14290,0.0,3900000.0,204056244.01,
(1-10100) Piutang Usaha,20/06/2026,Sales Invoice,JL.2026.14292,Acer Aspire Go 14 AG14 Core 5 120U 16GB(2x8) DDR4 512GB SSD W11; MOUSE WIRELESS BANDA; COOLINGPAD KEPITING; MOUSEPAD LOGITECH / MICROSOFT; * PRINTER CANON G2010 PSC; Memo: 082359075705 IBU TRI BELO,12100000.0,0.0,216156244.01,
(1-10100) Piutang Usaha,20/06/2026,Receive Payment,202925,Sales Invoice #JL.2026.14291,0.0,120000.0,216036244.01,
(1-10100) Piutang Usaha,20/06/2026,Receive Payment,202926,Sales Invoice #JL.2026.14292,0.0,12100000.0,203936244.01,
(1-10100) Piutang Usaha,20/06/2026,Sales Invoice,JL.2026.14293,OTG TYPE C,20000.0,0.0,203956244.01,
(1-10100) Piutang Usaha,20/06/2026,Receive Payment,202927,Sales Invoice #JL.2026.14293,0.0,20000.0,203936244.01,
(1-10100) Piutang Usaha,20/06/2026,Sales Invoice,JL.2026.14294,ALFA INK TONER BROTHER 500 GRAM,180000.0,0.0,204116244.01,
(1-10100) Piutang Usaha,20/06/2026,Receive Payment,202928,Sales Invoice #JL.2026.14294,0.0,180000.0,203936244.01,
(1-10100) Piutang Usaha,20/06/2026,Sales Invoice,JL.2026.14295,KABEL LAN ZIMM LINK PERMETER,60000.0,0.0,203996244.01,
(1-10100) Piutang Usaha,20/06/2026,Sales Invoice,JL.2026.14296,JASA SERVICE,100000.0,0.0,204096244.01,SERVICE
(1-10100) Piutang Usaha,20/06/2026,Receive Payment,202929,Sales Invoice #JL.2026.14296,0.0,100000.0,203996244.01,SERVICE
(1-10100) Piutang Usaha,20/06/2026,Receive Payment,202930,Sales Invoice #JL.2026.14295,0.0,60000.0,203936244.01,
(1-10100) Piutang Usaha,20/06/2026,Sales Invoice,JL.2026.14297,JASA SERVICE; Memo: 081237054884,50000.0,0.0,203986244.01,SERVICE
(1-10100) Piutang Usaha,20/06/2026,Receive Payment,202931,Sales Invoice #JL.2026.14297,0.0,50000.0,203936244.01,SERVICE
(1-10100) Piutang Usaha,20/06/2026,Sales Invoice,JL.2026.14298,SIDU A4 70,210000.0,0.0,204146244.01,
(1-10100) Piutang Usaha,20/06/2026,Receive Payment,202932,Sales Invoice #JL.2026.14298,0.0,210000.0,203936244.01,
(1-10100) Piutang Usaha,20/06/2026,Sales Invoice,JL.2026.14299,CONVERTER FIBER OPTIC TO LAN HTB 3100 A; KABEL LAN ZIMM LINK PERMETER; RJ45 TEMBUS,290000.0,0.0,204226244.01,
(1-10100) Piutang Usaha,20/06/2026,Receive Payment,202933,Sales Invoice #JL.2026.14299,0.0,290000.0,203936244.01,
(1-10100) Piutang Usaha,20/06/2026,Sales Invoice,JL.2026.14300,* STIKER NAMA UNDANGAN POLOS (103),70000.0,0.0,204006244.01,
(1-10100) Piutang Usaha,20/06/2026,Receive Payment,202934,Sales Invoice #JL.2026.14300,0.0,70000.0,203936244.01,
(1-10100) Piutang Usaha,20/06/2026,Sales Invoice,JL.2026.14301,BATERAI CMOS CR2032,15000.0,0.0,203951244.01,
(1-10100) Piutang Usaha,20/06/2026,Receive Payment,202935,Sales Invoice #JL.2026.14301,0.0,15000.0,203936244.01,
(1-10100) Piutang Usaha,20/06/2026,Sales Invoice,JL.2026.14302,BINGKAI FOTO 20X30 (10R JUMBO); OPP 22 X 30 10R #; ADAPTOR ACER 12 - 3A 3.5 X 1.35 N100,585000.0,0.0,204521244.01,
(1-10100) Piutang Usaha,20/06/2026,Receive Payment,202936,Sales Invoice #JL.2026.14302,0.0,585000.0,203936244.01,
(1-10100) Piutang Usaha,20/06/2026,Sales Invoice,JL.2026.14303,PRINTER CANON G1010; Memo: IBU MANAH 082341177796,1200000.0,0.0,205136244.01,
(1-10100) Piutang Usaha,20/06/2026,Receive Payment,202937,Sales Invoice #JL.2026.14303,0.0,1200000.0,203936244.01,
(1-10100) Piutang Usaha,20/06/2026,Sales Invoice,JL.2026.14305,BINGKAI FOTO 20X30 (10R JUMBO); BINGKAI FOTO 12R; CATRIDGE CANON 811 COLOUR; BINGKAI FOTO 20X30 (10R JUMBO); BINGKAI FOTO 12R,740000.0,0.0,204676244.01,
(1-10100) Piutang Usaha,20/06/2026,Receive Payment,202938,Sales Invoice #JL.2026.14305,0.0,740000.0,203936244.01,
(1-10100) Piutang Usaha,20/06/2026,Sales Invoice,JL.2026.14306,"UNDANGAN LIBRA 15 COKLAT; PLASTIK OPP 10,5 X 24; STIKER NAMA UNDANGAN POLOS (103) - ( 1 PACK ISI 25 PCS ); TINTA EPSON 003 BLACK",145400.0,0.0,204081644.01,
(1-10100) Piutang Usaha,20/06/2026,Receive Payment,202939,Sales Invoice #JL.2026.14306,0.0,145400.0,203936244.01,
(1-10100) Piutang Usaha,20/06/2026,Sales Invoice,JL.2026.14307,KONEKTOR BNC CCTV; KONEKTOR DC MALE,12000.0,0.0,203948244.01,
(1-10100) Piutang Usaha,20/06/2026,Receive Payment,202940,Sales Invoice #JL.2026.14307,0.0,12000.0,203936244.01,
(1-10100) Piutang Usaha,20/06/2026,Sales Invoice,JL.2026.14308,KABEL HDMI 15 METER; HDMI SPLITER 4 PORT,440000.0,0.0,204376244.01,
(1-10100) Piutang Usaha,20/06/2026,Receive Payment,202941,Sales Invoice #JL.2026.14308,0.0,440000.0,203936244.01,
(1-10200) Persediaan Barang,19/06/2026,Saldo Awal,"","",0.0,0.0,5702225048.14,
(1-10200) Persediaan Barang,20/06/2026,Purchase Invoice,JL.2606.04551,*ACER GO 14 AG14 CORE ULTRA 5 125H 16GB 512GB. Memo: BELUM MASUK,9900900.9,0.0,5712125949.04,CV TIGA NUSA
(1-10200) Persediaan Barang,20/06/2026,Purchase Invoice,JL.2606.04550,"* AIO ASUS A3202WBAK INTEL 7305 8GB 256GB SSD 21,5"" WIN 11. Memo: BELUM MASUK",31297297.3,0.0,5743423246.33,CV TIGA NUSA
(1-10200) Persediaan Barang,20/06/2026,Sales Invoice,JL.2026.14245,CCTV CAM DAHUA HAC-T1A21 IR BULLET (INDOOR),0.0,349999.4,5743073246.94,
(1-10200) Persediaan Barang,20/06/2026,Sales Invoice,JL.2026.14245,CCTV CAM DAHUA HAC B1A21 IR BULLET (OUTDOOR),0.0,380000.0,5742693246.94,
(1-10200) Persediaan Barang,20/06/2026,Sales Invoice,JL.2026.14246,TINTA CANON ORI 790 YELLOW,0.0,100141.94,5742593105.0,
(1-10200) Persediaan Barang,20/06/2026,Sales Invoice,JL.2026.14246,KERTAS FOTO SPECTRA SILKY 260,0.0,1139874.17,5741453230.83,
(1-10200) Persediaan Barang,20/06/2026,Sales Invoice,JL.2026.14246,TINTA CANON ORI 790 CYAN,0.0,100431.37,5741352799.46,
(1-10200) Persediaan Barang,20/06/2026,Sales Invoice,JL.2026.14246,TINTA CANON ORI 790 MAGENTA,0.0,100461.54,5741252337.92,
(1-10200) Persediaan Barang,20/06/2026,Sales Invoice,JL.2026.14247,* PRINTER CANON G2010 PSC. Memo: TOMI 082 340 365 128,0.0,1440090.09,5739812247.83,
(1-10200) Persediaan Barang,20/06/2026,Sales Invoice,JL.2026.14248,CCTV DVR DAHUA DH-XVR1B04-I 4CH - M,0.0,529380.99,5739282866.84,
(1-10200) Persediaan Barang,20/06/2026,Sales Invoice,JL.2026.14249,KABEL CCTV PERMETER,0.0,23333.33,5739259533.51,
(1-10200) Persediaan Barang,20/06/2026,Purchase Invoice,JL.2606.04614,* LENOVO GAMING LOQ 15ARP10E AMD RYZEN 7 170 16GB DDR5 512GB SSD RTX 3050 6GB WIN 11. Memo: BELUM MASUK,11522522.52,0.0,5750782056.03,CV TIGA NUSA
(1-10200) Persediaan Barang,20/06/2026,Purchase Invoice,JL.2606.04626,* ASUS TUF Gaming A15 FA506NCG AMD Ryzen 7 7445HS 16GB DDR5 512GB RTX3050 4GB W11 - B. Memo: BELUM MASUK,11162162.16,0.0,5761944218.2,CV TIGA NUSA
(1-10200) Persediaan Barang,20/06/2026,Sales Invoice,JL.2026.14250,OPP 22 X 30 10R #,0.0,12290.69,5761931927.51,
(1-10200) Persediaan Barang,20/06/2026,Sales Invoice,JL.2026.14250,ALFA INK ECO TANK EPSON BLACK,0.0,37497.11,5761894430.4,
(1-10200) Persediaan Barang,20/06/2026,Sales Invoice,JL.2026.14250,CATRIDGE CANON CA92 / CH7 (G2010),0.0,319465.04,5761574965.36,
(1-10200) Persediaan Barang,20/06/2026,Sales Invoice,JL.2026.14250,KERTAS FOTO DATA PRINT GLOSSY 230 GSM (BURUNG),0.0,44250.09,5761530715.27,
(1-10200) Persediaan Barang,20/06/2026,Sales Invoice,JL.2026.14250,OPP 30 X 40 PLASTIK A3,0.0,27661.02,5761503054.25,
(1-10200) Persediaan Barang,20/06/2026,Sales Invoice,JL.2026.14250,EARPHONE JETE CLASSIC 2,0.0,16500.0,5761486554.25,
(1-10200) Persediaan Barang,20/06/2026,Sales Invoice,JL.2026.14251,BLUEPRINT CANON YELLOW (100ML),0.0,37638.33,5761448915.92,
(1-10200) Persediaan Barang,20/06/2026,Sales Invoice,JL.2026.14251,BLUEPRINT CANON MAGENTA (100ML),0.0,37381.66,5761411534.26,
(1-10200) Persediaan Barang,20/06/2026,Sales Invoice,JL.2026.14251,BLUEPRINT CANON CYAN (100ML),0.0,37576.02,5761373958.25,
(1-10200) Persediaan Barang,20/06/2026,Sales Invoice,JL.2026.14252,MOUSEPAD LOGITECH / MICROSOFT. Memo: CANDRA 082340300157,0.0,3413.1,5761370545.15,
(1-10200) Persediaan Barang,20/06/2026,Sales Invoice,JL.2026.14252,COOLINGPAD NC 32 1FAN BESAR. Memo: CANDRA 082340300157,0.0,25699.96,5761344845.18,
(1-10200) Persediaan Barang,20/06/2026,Sales Invoice,JL.2026.14252,MOUSE BRANDED. Memo: CANDRA 082340300157,0.0,16471.19,5761328373.99,
(1-10200) Persediaan Barang,20/06/2026,Sales Invoice,JL.2026.14252,SODIMM TEAM ELITE DDR5 8GB 5600HZ. Memo: CANDRA 082340300157,0.0,480000.0,5760848373.99,
(1-10200) Persediaan Barang,20/06/2026,Sales Invoice,JL.2026.14252,* ASUS TUF Gaming A15 FA506NCG AMD Ryzen 7 7445HS 16GB DDR5 512GB RTX3050 4GB W11. Memo: CANDRA 082340300157,0.0,11162162.16,5749686211.83,
(1-10200) Persediaan Barang,20/06/2026,Sales Invoice,JL.2026.14253,SIDU F4 70,0.0,221664.16,5749464547.67,
(1-10200) Persediaan Barang,20/06/2026,Sales Invoice,JL.2026.14253,MOUSE VOTRE / VOXY,0.0,9485.24,5749455062.43,
(1-10200) Persediaan Barang,20/06/2026,Sales Invoice,JL.2026.14253,ADAPTOR ACER OR 19V 3.42A (KUNING),0.0,59161.02,5749395901.4,
(1-10200) Persediaan Barang,20/06/2026,Sales Invoice,JL.2026.14253,KABEL DATA 5 PIN,0.0,14992.94,5749380908.46,
(1-10200) Persediaan Barang,20/06/2026,Sales Invoice,JL.2026.14253,KABEL DATA JETE MICRO TINY 5,0.0,20000.0,5749360908.46,
(1-10200) Persediaan Barang,20/06/2026,Sales Invoice,JL.2026.14253,OPP 22 X 30 10R #,0.0,12290.69,5749348617.77,
(1-10200) Persediaan Barang,20/06/2026,Sales Invoice,JL.2026.14254,MOUSE VOTRE / VOXY. Memo: RUSDAN 082359286918,0.0,9485.24,5749339132.53,
(1-10200) Persediaan Barang,20/06/2026,Sales Invoice,JL.2026.14254,AXIOO HYPE 10 INTEL N4020 8 256 #. Memo: RUSDAN 082359286918,0.0,4171731.84,5745167400.69,
(1-10200) Persediaan Barang,20/06/2026,Sales Invoice,JL.2026.14254,MOUSEPAD LOGITECH / MICROSOFT. Memo: RUSDAN 082359286918,0.0,3413.1,5745163987.59,
(1-10200) Persediaan Barang,20/06/2026,Sales Invoice,JL.2026.14254,COOLINGPAD KEPITING. Memo: RUSDAN 082359286918,0.0,21514.84,5745142472.75,
(1-10200) Persediaan Barang,20/06/2026,Sales Invoice,JL.2026.14255,MOUSE VOTRE / VOXY. Memo: IBU SRI 085237109893,0.0,9485.24,5745132987.51,
(1-10200) Persediaan Barang,20/06/2026,Sales Invoice,JL.2026.14255,COOLINGPAD KEPITING. Memo: IBU SRI 085237109893,0.0,21514.84,5745111472.66,
(1-10200) Persediaan Barang,20/06/2026,Sales Invoice,JL.2026.14255,MOUSEPAD LOGITECH / MICROSOFT. Memo: IBU SRI 085237109893,0.0,3413.1,5745108059.56,
(1-10200) Persediaan Barang,20/06/2026,Sales Invoice,JL.2026.14255,AXIOO HYPE 10 INTEL N4020 8 256 #. Memo: IBU SRI 085237109893,0.0,4171731.84,5740936327.72,
(1-10200) Persediaan Barang,20/06/2026,Sales Invoice,JL.2026.14256,TINTA EPSON 003 BLACK,0.0,79545.62,5740856782.1,
(1-10200) Persediaan Barang,20/06/2026,Sales Invoice,JL.2026.14256,"OPP 16,5 X 25",0.0,7200.0,5740849582.1,
(1-10200) Persediaan Barang,20/06/2026,Sales Invoice,JL.2026.14256,STIKER NAMA UNDANGAN POLOS (103) - ( 1 PACK ISI 25 PCS ),0.0,4400.12,5740845181.98,
(1-10200) Persediaan Barang,20/06/2026,Sales Invoice,JL.2026.14256,SIDU A4 70,0.0,196129.85,5740649052.13,
(1-10200) Persediaan Barang,20/06/2026,Sales Invoice,JL.2026.14256,KERTAS BUFFALO PUTIH,0.0,19500.0,5740629552.13,
(1-10200) Persediaan Barang,20/06/2026,Sales Invoice,JL.2026.14256,USB WIFI TPLINK TL WN725N NANO SIZE,0.0,70088.27,5740559463.87,
(1-10200) Persediaan Barang,20/06/2026,Sales Invoice,JL.2026.14257,TINTA EPSON 003 BLACK,0.0,79545.62,5740479918.25,
(1-10200) Persediaan Barang,20/06/2026,Sales Invoice,JL.2026.14257,KERTAS FOTO SPECTRA A3 GLOSSY,0.0,117898.31,5740362019.94,
(1-10200) Persediaan Barang,20/06/2026,Sales Invoice,JL.2026.14257,TINTA CANON ORI 790 BLACK,0.0,97281.4,5740264738.55,
(1-10200) Persediaan Barang,20/06/2026,Sales Invoice,JL.2026.14257,PAPERLINE 3 PLY NCR,0.0,442201.63,5739822536.92,
(1-10200) Persediaan Barang,20/06/2026,Sales Invoice,JL.2026.14257,TINTA EPSON 003 MAGENTA,0.0,79424.97,5739743111.94,
(1-10200) Persediaan Barang,20/06/2026,Sales Invoice,JL.2026.14257,KERTAS BUFFALO PUTIH,0.0,19500.0,5739723611.94,
(1-10200) Persediaan Barang,20/06/2026,Sales Invoice,JL.2026.14257,KERTAS 2 PLY PRS,0.0,295583.46,5739428028.49,
(1-10200) Persediaan Barang,20/06/2026,Sales Invoice,JL.2026.14257,* STIKER NAMA UNDANGAN POLOS (103),0.0,13873.87,5739414154.61,
(1-10200) Persediaan Barang,20/06/2026,Sales Invoice,JL.2026.14257,"PLASTIK OPP 10,5 X 24",0.0,38805.41,5739375349.21,
(1-10200) Persediaan Barang,20/06/2026,Sales Invoice,JL.2026.14257,* KERTAS THERMAL 57 X 38 MM (EDC),0.0,64324.32,5739311024.88,
(1-10200) Persediaan Barang,20/06/2026,Sales Invoice,JL.2026.14259,TPLINK TL WR844N,0.0,137925.93,5739173098.96,
(1-10200) Persediaan Barang,20/06/2026,Sales Invoice,JL.2026.14259,"KABEL HDMI 1,5 METER",0.0,10514.08,5739162584.87,
(1-10200) Persediaan Barang,20/06/2026,Sales Invoice,JL.2026.14259,SIDU A4 70,0.0,39225.97,5739123358.9,
(1-10200) Persediaan Barang,20/06/2026,Sales Invoice,JL.2026.14259,"KABEL HDMI 1,5 METER",0.0,10514.08,5739112844.82,
(1-10200) Persediaan Barang,20/06/2026,Sales Invoice,JL.2026.14259,OPP 15 X 24,0.0,6370.51,5739106474.31,
(1-10200) Persediaan Barang,20/06/2026,Sales Invoice,JL.2026.14259,SIDU A4 70,0.0,39225.97,5739067248.34,
(1-10200) Persediaan Barang,20/06/2026,Sales Invoice,JL.2026.14259,"CONVERTER TYPE C 4 IN 1 ( HDMI, VGA, USB, TYPE C )",0.0,58239.67,5739009008.67,
(1-10200) Persediaan Barang,20/06/2026,Sales Invoice,JL.2026.14259,BATERAI 1616,0.0,12500.0,5738996508.67,
(1-10200) Persediaan Barang,20/06/2026,Sales Invoice,JL.2026.14259,BLUEPRINT CANON BLACK (100ML),0.0,38000.0,5738958508.67,
(1-10200) Persediaan Barang,20/06/2026,Sales Invoice,JL.2026.14259,"OPP 15,5 X 24",0.0,6492.91,5738952015.76,
(1-10200) Persediaan Barang,20/06/2026,Sales Invoice,JL.2026.14259,BLUEPRINT KERTAS INKJET PAPER ( ISI 50 ),0.0,150563.82,5738801451.94,
(1-10200) Persediaan Barang,20/06/2026,Sales Invoice,JL.2026.14259,SIDU A4 70,0.0,39225.97,5738762225.97,
(1-10200) Persediaan Barang,20/06/2026,Sales Invoice,JL.2026.14259,OPP 22 X 30 10R #,0.0,49162.76,5738713063.21,
(1-10200) Persediaan Barang,20/06/2026,Sales Invoice,JL.2026.14259,TINTA EPSON 003 BLACK,0.0,79545.62,5738633517.6,
(1-10200) Persediaan Barang,20/06/2026,Sales Invoice,JL.2026.14259,RJ45 TEMBUS,0.0,1663.1,5738631854.49,
(1-10200) Persediaan Barang,20/06/2026,Sales Invoice,JL.2026.14259,MOUSE M256 WIRELESS DATAFAST SILENT BT + ON OFF,0.0,30028.09,5738601826.41,
(1-10200) Persediaan Barang,20/06/2026,Sales Invoice,JL.2026.14259,MOUSE M256 WIRELESS DATAFAST SILENT BT + ON OFF,0.0,30028.09,5738571798.32,
(1-10200) Persediaan Barang,20/06/2026,Sales Invoice,JL.2026.14260,BATERAI ACER ES1 432 AS16A8K / AS16A5K. Memo: 085205039226,0.0,220000.0,5738351798.32,
(1-10200) Persediaan Barang,20/06/2026,Sales Invoice,JL.2026.14261,BLUEPRINT CANON BLACK (100ML),0.0,190000.0,5738161798.32,
(1-10200) Persediaan Barang,20/06/2026,Sales Invoice,JL.2026.14261,BLUEPRINT CANON YELLOW (100ML),0.0,75276.66,5738086521.67,
(1-10200) Persediaan Barang,20/06/2026,Sales Invoice,JL.2026.14261,BLUEPRINT CANON MAGENTA (100ML),0.0,74763.33,5738011758.34,
(1-10200) Persediaan Barang,20/06/2026,Sales Invoice,JL.2026.14261,BLUEPRINT CANON CYAN (100ML),0.0,75152.03,5737936606.31,
(1-10200) Persediaan Barang,20/06/2026,Sales Invoice,JL.2026.14264,"AIO ASUS A3202WBAK INTEL 7305 8GB 256GB SSD 21,5"" WIN 11 #",0.0,11580000.0,5726356606.31,
(1-10200) Persediaan Barang,20/06/2026,Sales Invoice,JL.2026.14265,FD U2 8GB JETE,0.0,47808.01,5726308798.3,
(1-10200) Persediaan Barang,20/06/2026,Sales Invoice,JL.2026.14266,MOUSE VOTRE / VOXY. Memo: FAIRUS 087 858 417 326,0.0,9485.24,5726299313.05,
(1-10200) Persediaan Barang,20/06/2026,Sales Invoice,JL.2026.14266,COOLINGPAD KEPITING. Memo: FAIRUS 087 858 417 326,0.0,21514.84,5726277798.21,
(1-10200) Persediaan Barang,20/06/2026,Sales Invoice,JL.2026.14266,MOUSEPAD LOGITECH / MICROSOFT. Memo: FAIRUS 087 858 417 326,0.0,3413.1,5726274385.11,
(1-10200) Persediaan Barang,20/06/2026,Sales Invoice,JL.2026.14266,* ACER ASPIRE LITE AL14 N150 8GB 512GB SSD WIN 11. Memo: FAIRUS 087 858 417 326,0.0,4525064.43,5721749320.68,
(1-10200) Persediaan Barang,20/06/2026,Sales Invoice,JL.2026.14267,BATERAI ACER E5 471 (AL14A32). Memo: SAKINA 085 237 084 956,0.0,248750.0,5721500570.68,SERVICE
(1-10200) Persediaan Barang,20/06/2026,Sales Invoice,JL.2026.14267,* ROBOT RS180 MULTIMEDIA SPEAKER. Memo: SAKINA 085 237 084 956,0.0,48526.89,5721452043.8,SERVICE
(1-10200) Persediaan Barang,20/06/2026,Sales Invoice,JL.2026.14267,BATERAI CMOS CR2032. Memo: SAKINA 085 237 084 956,0.0,10500.0,5721441543.8,SERVICE
(1-10200) Persediaan Barang,20/06/2026,Sales Invoice,JL.2026.14267,KEYBOARD ACER E5 471 TANPA ON OFF. Memo: SAKINA 085 237 084 956,0.0,68046.25,5721373497.54,SERVICE
(1-10200) Persediaan Barang,20/06/2026,Sales Invoice,JL.2026.14268,KERTAS BUFFALO MERAH (NO 1),0.0,22695.3,5721350802.24,
(1-10200) Persediaan Barang,20/06/2026,Sales Invoice,JL.2026.14268,SIDU A4 70,0.0,196129.85,5721154672.39,
(1-10200) Persediaan Barang,20/06/2026,Sales Invoice,JL.2026.14268,MIKA JILID MERAH TUA,0.0,28701.5,5721125970.89,
(1-10200) Persediaan Barang,20/06/2026,Sales Invoice,JL.2026.14269,BLUEPRINT CANON YELLOW (100ML),0.0,37638.33,5721088332.57,
(1-10200) Persediaan Barang,20/06/2026,Sales Invoice,JL.2026.14269,BLUEPRINT CANON MAGENTA (100ML),0.0,37381.66,5721050950.9,
(1-10200) Persediaan Barang,20/06/2026,Sales Invoice,JL.2026.14269,CATRIDGE CANON 810 BLACK,0.0,225732.58,5720825218.32,
(1-10200) Persediaan Barang,20/06/2026,Sales Invoice,JL.2026.14270,CATRDIGE CANON CA91 / BH7 (G2010),0.0,278000.0,5720547218.32,
(1-10200) Persediaan Barang,20/06/2026,Sales Invoice,JL.2026.14271,TINTA EPSON 003 BLACK,0.0,397728.08,5720149490.24,
(1-10200) Persediaan Barang,20/06/2026,Sales Invoice,JL.2026.14271,TINTA EPSON 003 YELLOW,0.0,396786.33,5719752703.91,
(1-10200) Persediaan Barang,20/06/2026,Sales Invoice,JL.2026.14271,PRINTER EPSON L121,0.0,1455000.0,5718297703.91,
(1-10200) Persediaan Barang,20/06/2026,Sales Invoice,JL.2026.14271,"PRINTER EPSON L3211 PRINT, SCAN COPY TP",0.0,2047820.84,5716249883.06,
(1-10200) Persediaan Barang,20/06/2026,Purchase Invoice,17753,PLASTIK KRESEK 02 X 28 HITAM,1275000.0,0.0,5717524883.06,
(1-10200) Persediaan Barang,20/06/2026,Purchase Invoice,17753,KRESEK 03 X 40 MERAH,1140000.0,0.0,5718664883.06,
(1-10200) Persediaan Barang,20/06/2026,Sales Invoice,JL.2026.14272,KARET ROLLER BAWAH EPSON. Memo: 082340030650,0.0,3000.0,5718661883.06,
(1-10200) Persediaan Barang,20/06/2026,Sales Invoice,JL.2026.14273,TINTA CANON ORI 790 BLACK,0.0,486406.98,5718175476.08,
(1-10200) Persediaan Barang,20/06/2026,Sales Invoice,JL.2026.14273,* TINTA CANON ORI GI - 71 Y,0.0,92792.79,5718082683.29,
(1-10200) Persediaan Barang,20/06/2026,Sales Invoice,JL.2026.14273,ALFA INK CANON BLACK 100CC,0.0,283455.6,5717799227.69,
(1-10200) Persediaan Barang,20/06/2026,Sales Invoice,JL.2026.14273,TINTA EPSON 664 MAGENTA,0.0,79349.38,5717719878.31,
(1-10200) Persediaan Barang,20/06/2026,Sales Invoice,JL.2026.14273,TINTA CANON ORI GI - 71 C,0.0,93690.45,5717626187.85,
(1-10200) Persediaan Barang,20/06/2026,Sales Invoice,JL.2026.14273,TINTA CANON ORI 790 MAGENTA,0.0,100461.54,5717525726.31,
(1-10200) Persediaan Barang,20/06/2026,Sales Invoice,JL.2026.14273,TINTA EPSON 664 BLACK,0.0,396781.8,5717128944.52,
(1-10200) Persediaan Barang,20/06/2026,Sales Invoice,JL.2026.14273,TINTA EPSON 664 CYAN,0.0,79411.22,5717049533.3,
(1-10200) Persediaan Barang,20/06/2026,Sales Invoice,JL.2026.14273,TINTA EPSON 664 YELLOW,0.0,79381.85,5716970151.45,
(1-10200) Persediaan Barang,20/06/2026,Sales Invoice,JL.2026.14273,* TINTA CANON ORI GI - 71 M,0.0,92792.79,5716877358.66,
(1-10200) Persediaan Barang,20/06/2026,Sales Invoice,JL.2026.14273,TINTA CANON ORI 790 YELLOW,0.0,200283.87,5716677074.79,
(1-10200) Persediaan Barang,20/06/2026,Sales Invoice,JL.2026.14273,TINTA CANON ORI 790 CYAN,0.0,200862.75,5716476212.05,
(1-10200) Persediaan Barang,20/06/2026,Sales Invoice,JL.2026.14273,TINTA CANON ORI GI - 71 BLACK,0.0,728000.0,5715748212.05,
(1-10200) Persediaan Barang,20/06/2026,Sales Invoice,JL.2026.14273,TINTA EPSON 003 BLACK,0.0,1193184.24,5714555027.8,
(1-10200) Persediaan Barang,20/06/2026,Sales Invoice,JL.2026.14274,FD U2 JETE 16GB,0.0,58296.3,5714496731.51,
(1-10200) Persediaan Barang,20/06/2026,Sales Invoice,JL.2026.14274,CATRDIGE CANON CA91 / BH7 (G2010),0.0,278000.0,5714218731.51,
(1-10200) Persediaan Barang,20/06/2026,Sales Invoice,JL.2026.14276,ALFA KERTAS THERMAL 57 X 38,0.0,23800.0,5714194931.51,
(1-10200) Persediaan Barang,20/06/2026,Sales Invoice,JL.2026.14278,"LCD LAPTOP 11,6 30 PIN (KK)",0.0,234567.14,5713960364.37,
(1-10200) Persediaan Barang,20/06/2026,Sales Invoice,JL.2026.14279,NOTA NCR PAPERLINE 2 PLY BESAR,0.0,9100.0,5713951264.37,
(1-10200) Persediaan Barang,20/06/2026,Sales Invoice,JL.2026.14279,KEYBOARD MINI BANDA / MURAGO,0.0,43544.48,5713907719.89,
(1-10200) Persediaan Barang,20/06/2026,Sales Invoice,JL.2026.14279,ALFA KERTAS THERMAL 57 X 38,0.0,23800.0,5713883919.89,
(1-10200) Persediaan Barang,20/06/2026,Sales Invoice,JL.2026.14279,CLEANER HEAD #,0.0,29153.85,5713854766.04,
(1-10200) Persediaan Barang,20/06/2026,Sales Invoice,JL.2026.14280,PRINTER CANON G1010,0.0,3155526.32,5710699239.73,
(1-10200) Persediaan Barang,20/06/2026,Sales Invoice,JL.2026.14280,GAMEPAD DOUBLE BLACK,0.0,206623.91,5710492615.82,
(1-10200) Persediaan Barang,20/06/2026,Sales Invoice,JL.2026.14280,KABEL LAN ZIMM LINK,0.0,743036.27,5709749579.55,
(1-10200) Persediaan Barang,20/06/2026,Sales Invoice,JL.2026.14281,BLUEPRINT KERTAS FOTO STIKER A4,0.0,24500.0,5709725079.55,
(1-10200) Persediaan Barang,20/06/2026,Sales Invoice,JL.2026.14281,BLUEPRINT DOUBLE SIDED PHOTO PAPER,0.0,60026.79,5709665052.76,
(1-10200) Persediaan Barang,20/06/2026,Sales Invoice,JL.2026.14282,BLUEPRINT KERTAS INKJET PAPER ( ISI 50 ),0.0,86036.47,5709579016.29,
(1-10200) Persediaan Barang,20/06/2026,Sales Invoice,JL.2026.14282,STIKER NAMA UNDANGAN POLOS (103) - ( 1 PACK ISI 25 PCS ),0.0,2200.06,5709576816.23,
(1-10200) Persediaan Barang,20/06/2026,Sales Invoice,JL.2026.14283,BATERAI LAPTOP ASUS X441,0.0,200000.0,5709376816.23,
(1-10200) Persediaan Barang,20/06/2026,Sales Invoice,JL.2026.14284,"PRINTER EPSON L3211 PRINT, SCAN COPY TP. Memo: IWAN 082340887319",0.0,2047820.84,5707328995.39,
(1-10200) Persediaan Barang,20/06/2026,Sales Invoice,JL.2026.14285,* ROBOT HUB USB H140-80,0.0,31954.23,5707297041.16,
(1-10200) Persediaan Barang,20/06/2026,Sales Invoice,JL.2026.14288,SIDU F4 70,0.0,44332.83,5707252708.33,
(1-10200) Persediaan Barang,20/06/2026,Sales Invoice,JL.2026.14289,COOLINGPAD KEPITING. Memo: ZELSI 082324725886,0.0,21514.84,5707231193.49,
(1-10200) Persediaan Barang,20/06/2026,Sales Invoice,JL.2026.14289,"AXIOO HYPE 1 N4020 4GB 128GB WIN 11 14"" #. Memo: ZELSI 082324725886",0.0,3590000.0,5703641193.49,
(1-10200) Persediaan Barang,20/06/2026,Sales Invoice,JL.2026.14289,MOUSEPAD LOGITECH / MICROSOFT. Memo: ZELSI 082324725886,0.0,3413.1,5703637780.39,
(1-10200) Persediaan Barang,20/06/2026,Sales Invoice,JL.2026.14289,MOUSE VOTRE / VOXY. Memo: ZELSI 082324725886,0.0,9485.24,5703628295.15,
(1-10200) Persediaan Barang,20/06/2026,Sales Invoice,JL.2026.14290,MOUSEPAD LOGITECH / MICROSOFT. Memo: IGEL 081935042497,0.0,3413.1,5703624882.04,
(1-10200) Persediaan Barang,20/06/2026,Sales Invoice,JL.2026.14290,MOUSE VOTRE / VOXY. Memo: IGEL 081935042497,0.0,9485.24,5703615396.8,
(1-10200) Persediaan Barang,20/06/2026,Sales Invoice,JL.2026.14290,"AXIOO HYPE 1 N4020 4GB 128GB WIN 11 14"" #. Memo: IGEL 081935042497",0.0,3590000.0,5700025396.8,
(1-10200) Persediaan Barang,20/06/2026,Sales Invoice,JL.2026.14290,COOLINGPAD KEPITING. Memo: IGEL 081935042497,0.0,21514.84,5700003881.96,
(1-10200) Persediaan Barang,20/06/2026,Sales Invoice,JL.2026.14291,FD U2 JETE 32GB,0.0,63793.01,5699940088.95,
(1-10200) Persediaan Barang,20/06/2026,Sales Invoice,JL.2026.14292,MOUSEPAD LOGITECH / MICROSOFT. Memo: 082359075705 IBU TRI BELO,0.0,3413.1,5699936675.85,
(1-10200) Persediaan Barang,20/06/2026,Sales Invoice,JL.2026.14292,* PRINTER CANON G2010 PSC. Memo: 082359075705 IBU TRI BELO,0.0,1440090.09,5698496585.76,
(1-10200) Persediaan Barang,20/06/2026,Sales Invoice,JL.2026.14292,MOUSE WIRELESS BANDA. Memo: 082359075705 IBU TRI BELO,0.0,29057.23,5698467528.53,
(1-10200) Persediaan Barang,20/06/2026,Sales Invoice,JL.2026.14292,COOLINGPAD KEPITING. Memo: 082359075705 IBU TRI BELO,0.0,21514.84,5698446013.69,
(1-10200) Persediaan Barang,20/06/2026,Sales Invoice,JL.2026.14292,Acer Aspire Go 14 AG14 Core 5 120U 16GB(2x8) DDR4 512GB SSD W11. Memo: 082359075705 IBU TRI BELO,0.0,9590000.0,5688856013.69,
(1-10200) Persediaan Barang,20/06/2026,Sales Invoice,JL.2026.14293,OTG TYPE C,0.0,6057.31,5688849956.38,
(1-10200) Persediaan Barang,20/06/2026,Sales Invoice,JL.2026.14294,ALFA INK TONER BROTHER 500 GRAM,0.0,155775.0,5688694181.38,
(1-10200) Persediaan Barang,20/06/2026,Sales Invoice,JL.2026.14298,SIDU A4 70,0.0,196129.85,5688498051.53,
(1-10200) Persediaan Barang,20/06/2026,Sales Invoice,JL.2026.14299,RJ45 TEMBUS,0.0,1663.1,5688496388.42,
(1-10200) Persediaan Barang,20/06/2026,Sales Invoice,JL.2026.14299,CONVERTER FIBER OPTIC TO LAN HTB 3100 A,0.0,181117.9,5688315270.52,
(1-10200) Persediaan Barang,20/06/2026,Sales Invoice,JL.2026.14300,* STIKER NAMA UNDANGAN POLOS (103),0.0,49549.55,5688265720.97,
(1-10200) Persediaan Barang,20/06/2026,Sales Invoice,JL.2026.14301,BATERAI CMOS CR2032,0.0,10500.0,5688255220.97,
(1-10200) Persediaan Barang,20/06/2026,Sales Invoice,JL.2026.14302,BINGKAI FOTO 20X30 (10R JUMBO),0.0,165077.15,5688090143.82,
(1-10200) Persediaan Barang,20/06/2026,Sales Invoice,JL.2026.14302,OPP 22 X 30 10R #,0.0,24581.38,5688065562.44,
(1-10200) Persediaan Barang,20/06/2026,Sales Invoice,JL.2026.14302,ADAPTOR ACER 12 - 3A 3.5 X 1.35 N100,0.0,180000.0,5687885562.44,
(1-10200) Persediaan Barang,20/06/2026,Sales Invoice,JL.2026.14303,PRINTER CANON G1010. Memo: IBU MANAH 082341177796,0.0,1051842.11,5686833720.34,
(1-10200) Persediaan Barang,20/06/2026,Sales Invoice,JL.2026.14305,BINGKAI FOTO 12R,0.0,17000.0,5686816720.34,
(1-10200) Persediaan Barang,20/06/2026,Sales Invoice,JL.2026.14305,CATRIDGE CANON 811 COLOUR,0.0,275123.1,5686541597.24,
(1-10200) Persediaan Barang,20/06/2026,Sales Invoice,JL.2026.14305,BINGKAI FOTO 20X30 (10R JUMBO),0.0,33015.43,5686508581.81,
(1-10200) Persediaan Barang,20/06/2026,Sales Invoice,JL.2026.14305,BINGKAI FOTO 20X30 (10R JUMBO),0.0,132061.72,5686376520.09,
(1-10200) Persediaan Barang,20/06/2026,Sales Invoice,JL.2026.14305,BINGKAI FOTO 12R,0.0,34000.0,5686342520.09,
(1-10200) Persediaan Barang,20/06/2026,Sales Invoice,JL.2026.14306,"PLASTIK OPP 10,5 X 24",0.0,12935.14,5686329584.95,
(1-10200) Persediaan Barang,20/06/2026,Sales Invoice,JL.2026.14306,STIKER NAMA UNDANGAN POLOS (103) - ( 1 PACK ISI 25 PCS ),0.0,6600.18,5686322984.77,
(1-10200) Persediaan Barang,20/06/2026,Sales Invoice,JL.2026.14306,TINTA EPSON 003 BLACK,0.0,79545.62,5686243439.15,
(1-10200) Persediaan Barang,20/06/2026,Sales Invoice,JL.2026.14306,UNDANGAN LIBRA 15 COKLAT,0.0,25500.0,5686217939.15,
(1-10200) Persediaan Barang,20/06/2026,Sales Invoice,JL.2026.14307,KONEKTOR DC MALE,0.0,2000.0,5686215939.15,
(1-10200) Persediaan Barang,20/06/2026,Sales Invoice,JL.2026.14307,KONEKTOR BNC CCTV,0.0,5876.21,5686210062.95,
(1-10200) Persediaan Barang,20/06/2026,Sales Invoice,JL.2026.14308,KABEL HDMI 15 METER,0.0,131428.57,5686078634.38,
(1-10200) Persediaan Barang,20/06/2026,Sales Invoice,JL.2026.14308,HDMI SPLITER 4 PORT,0.0,69544.23,5686009090.15,
(1-10500) PPN Masukan,19/06/2026,Saldo Awal,"","",0.0,0.0,4102691610.43,
(1-10500) PPN Masukan,20/06/2026,Purchase Invoice,JL.2606.04551,Tax. *ACER GO 14 AG14 CORE ULTRA 5 125H 16GB 512GB. Memo: BELUM MASUK,1089099.1,0.0,4103780709.52,CV TIGA NUSA
(1-10500) PPN Masukan,20/06/2026,Purchase Invoice,JL.2606.04550,"Tax. * AIO ASUS A3202WBAK INTEL 7305 8GB 256GB SSD 21,5"" WIN 11. Memo: BELUM MASUK",3442702.7,0.0,4107223412.23,CV TIGA NUSA
(1-10500) PPN Masukan,20/06/2026,Purchase Invoice,JL.2606.04614,Tax. * LENOVO GAMING LOQ 15ARP10E AMD RYZEN 7 170 16GB DDR5 512GB SSD RTX 3050 6GB WIN 11. Memo: BELUM MASUK,1267477.48,0.0,4108490889.7,CV TIGA NUSA
(1-10500) PPN Masukan,20/06/2026,Purchase Invoice,JL.2606.04626,Tax. * ASUS TUF Gaming A15 FA506NCG AMD Ryzen 7 7445HS 16GB DDR5 512GB RTX3050 4GB W11 - B. Memo: BELUM MASUK,1227837.84,0.0,4109718727.54,CV TIGA NUSA
(2-20100) Hutang Usaha,19/06/2026,Saldo Awal,"","",0.0,0.0,2264913925.01,
(2-20100) Hutang Usaha,20/06/2026,Purchase Invoice,JL.2606.04551,*ACER GO 14 AG14 CORE ULTRA 5 125H 16GB 512GB. Memo: BELUM MASUK,0.0,10990000.0,2275903925.01,CV TIGA NUSA
(2-20100) Hutang Usaha,20/06/2026,Purchase Invoice,JL.2606.04550,"* AIO ASUS A3202WBAK INTEL 7305 8GB 256GB SSD 21,5"" WIN 11. Memo: BELUM MASUK",0.0,34740000.0,2310643925.01,CV TIGA NUSA
(2-20100) Hutang Usaha,20/06/2026,Purchase Payment,27881,Purchase Payment #JL5526050582,6400000.0,0.0,2304243925.01,AGUS
(2-20100) Hutang Usaha,20/06/2026,Purchase Payment,27882,Purchase Payment #JKT-JKT01A-NC26041699,7000000.0,0.0,2297243925.01,
(2-20100) Hutang Usaha,20/06/2026,Purchase Payment,27883,Purchase Payment #JKT-JKT01A-NC26041699,7000000.0,0.0,2290243925.01,
(2-20100) Hutang Usaha,20/06/2026,Purchase Payment,27885,Purchase Payment #JKT-JKT01A-NC26041699,7500000.0,0.0,2282743925.01,
(2-20100) Hutang Usaha,20/06/2026,Purchase Invoice,JL.2606.04614,* LENOVO GAMING LOQ 15ARP10E AMD RYZEN 7 170 16GB DDR5 512GB SSD RTX 3050 6GB WIN 11. Memo: BELUM MASUK,0.0,12790000.0,2295533925.01,CV TIGA NUSA
(2-20100) Hutang Usaha,20/06/2026,Purchase Invoice,JL.2606.04626,* ASUS TUF Gaming A15 FA506NCG AMD Ryzen 7 7445HS 16GB DDR5 512GB RTX3050 4GB W11 - B. Memo: BELUM MASUK,0.0,12390000.0,2307923925.01,CV TIGA NUSA
(2-20100) Hutang Usaha,20/06/2026,Purchase Payment,27886,Purchase Payment #FK 5191,17678000.0,0.0,2290245925.01,CV TIGA NUSA
(2-20100) Hutang Usaha,20/06/2026,Purchase Payment,27887,Purchase Payment #JL.2605.05827,15200000.0,0.0,2275045925.01,CV TIGA NUSA
(2-20100) Hutang Usaha,20/06/2026,Purchase Payment,27888,Purchase Payment #JL.2605.05662,4835000.0,0.0,2270210925.01,CV TIGA NUSA
(2-20100) Hutang Usaha,20/06/2026,Purchase Payment,27889,Purchase Payment #JL.2605.05740,1375000.0,0.0,2268835925.01,CV TIGA NUSA
(2-20100) Hutang Usaha,20/06/2026,Purchase Payment,27890,Purchase Payment #JK/26/06/0043,13700000.0,0.0,2255135925.01,RAHMAT
(2-20100) Hutang Usaha,20/06/2026,Purchase Invoice,17753,KRESEK 03 X 40 MERAH; PLASTIK KRESEK 02 X 28 HITAM,0.0,2415000.0,2257550925.01,
(2-20100) Hutang Usaha,20/06/2026,Purchase Payment,27891,Purchase Payment #17753,2415000.0,0.0,2255135925.01,
(2-20100) Hutang Usaha,20/06/2026,Purchase Payment,27892,Purchase Payment #17747,1500000.0,0.0,2253635925.01,
(2-20100) Hutang Usaha,20/06/2026,Purchase Payment,27894,Purchase Payment #7075,5200000.0,0.0,2248435925.01,
(2-20500) PPN Keluaran,19/06/2026,Saldo Awal,"","",0.0,0.0,4234930560.05,
(2-20500) PPN Keluaran,20/06/2026,Sales Invoice,JL.2026.14247,Tax. * PRINTER CANON G2010 PSC. Memo: TOMI 082 340 365 128,0.0,173423.42,4235103983.47,
(2-20500) PPN Keluaran,20/06/2026,Sales Invoice,JL.2026.14252,Tax. * ASUS TUF Gaming A15 FA506NCG AMD Ryzen 7 7445HS 16GB DDR5 512GB RTX3050 4GB W11; MOUSE BRANDED; COOLINGPAD NC 32 1FAN BESAR; MOUSEPAD LOGITECH / MICROSOFT; SODIMM TEAM ELITE DDR5 8GB 5600HZ. Memo: CANDRA 082340300157,0.0,1288288.29,4236392271.76,
(2-20500) PPN Keluaran,20/06/2026,Sales Invoice,JL.2026.14257,"Tax. TINTA EPSON 003 MAGENTA; KERTAS FOTO SPECTRA A3 GLOSSY; TINTA CANON ORI 790 BLACK; KERTAS 2 PLY PRS; PAPERLINE 3 PLY NCR; TINTA EPSON 003 BLACK; * KERTAS THERMAL 57 X 38 MM (EDC); KERTAS BUFFALO PUTIH; PLASTIK OPP 10,5 X 24; * STIKER NAMA UNDANGAN POLOS (103)",0.0,10861.26,4236403133.02,
(2-20500) PPN Keluaran,20/06/2026,Sales Invoice,JL.2026.14267,Tax. KEYBOARD ACER E5 471 TANPA ON OFF; SERVICE; BATERAI CMOS CR2032; BATERAI ACER E5 471 (AL14A32); * ROBOT RS180 MULTIMEDIA SPEAKER. Memo: SAKINA 085 237 084 956,0.0,6441.44,4236409574.46,SERVICE
(2-20500) PPN Keluaran,20/06/2026,Sales Invoice,JL.2026.14273,Tax. TINTA EPSON 003 BLACK; TINTA EPSON 664 BLACK; TINTA EPSON 664 CYAN; TINTA EPSON 664 YELLOW; TINTA EPSON 664 MAGENTA; TINTA CANON ORI 790 BLACK; TINTA CANON ORI 790 CYAN; TINTA CANON ORI 790 YELLOW; TINTA CANON ORI 790 MAGENTA; TINTA CANON ORI GI - 71 BLACK; TINTA CANON ORI GI - 71 C; * TINTA CANON ORI GI - 71 Y; * TINTA CANON ORI GI - 71 M; ALFA INK CANON BLACK 100CC,0.0,21405.41,4236430979.87,
(2-20500) PPN Keluaran,20/06/2026,Sales Invoice,JL.2026.14285,Tax. * ROBOT HUB USB H140-80,0.0,6441.44,4236437421.31,
(2-20500) PPN Keluaran,20/06/2026,Sales Invoice,JL.2026.14292,Tax. Acer Aspire Go 14 AG14 Core 5 120U 16GB(2x8) DDR4 512GB SSD W11; MOUSE WIRELESS BANDA; COOLINGPAD KEPITING; MOUSEPAD LOGITECH / MICROSOFT; * PRINTER CANON G2010 PSC. Memo: 082359075705 IBU TRI BELO,0.0,173423.42,4236610844.73,
(2-20500) PPN Keluaran,20/06/2026,Sales Invoice,JL.2026.14300,Tax. * STIKER NAMA UNDANGAN POLOS (103),0.0,6936.94,4236617781.67,
(3-30002) Modal CV,19/06/2026,Saldo Awal,"","",0.0,0.0,200000000.0,
(4-40000) Pendapatan,19/06/2026,Saldo Awal,"","",0.0,0.0,224711277621.69,
(4-40000) Pendapatan,20/06/2026,Sales Invoice,JL.2026.14245,CCTV CAM DAHUA HAC-T1A21 IR BULLET (INDOOR); CCTV CAM DAHUA HAC B1A21 IR BULLET (OUTDOOR),0.0,820000.0,224712097621.69,
(4-40000) Pendapatan,20/06/2026,Sales Invoice,JL.2026.14246,KERTAS FOTO SPECTRA SILKY 260; TINTA CANON ORI 790 CYAN; TINTA CANON ORI 790 MAGENTA; TINTA CANON ORI 790 YELLOW,0.0,1530000.0,224713627621.69,
(4-40000) Pendapatan,20/06/2026,Sales Invoice,JL.2026.14247,* PRINTER CANON G2010 PSC; Memo: TOMI 082 340 365 128,0.0,1576576.58,224715204198.27,
(4-40000) Pendapatan,20/06/2026,Sales Invoice,JL.2026.14248,CCTV DVR DAHUA DH-XVR1B04-I 4CH - M,0.0,580000.0,224715784198.27,
(4-40000) Pendapatan,20/06/2026,Sales Invoice,JL.2026.14249,KABEL CCTV PERMETER,0.0,35000.0,224715819198.27,
(4-40000) Pendapatan,20/06/2026,Sales Invoice,JL.2026.14250,KERTAS FOTO DATA PRINT GLOSSY 230 GSM (BURUNG); ALFA INK ECO TANK EPSON BLACK; CATRIDGE CANON CA92 / CH7 (G2010); OPP 30 X 40 PLASTIK A3; OPP 22 X 30 10R #; EARPHONE JETE CLASSIC 2,0.0,580000.0,224716399198.27,
(4-40000) Pendapatan,20/06/2026,Sales Invoice,JL.2026.14251,BLUEPRINT CANON MAGENTA (100ML); BLUEPRINT CANON CYAN (100ML); BLUEPRINT CANON YELLOW (100ML),0.0,126000.0,224716525198.27,
(4-40000) Pendapatan,20/06/2026,Sales Invoice,JL.2026.14252,* ASUS TUF Gaming A15 FA506NCG AMD Ryzen 7 7445HS 16GB DDR5 512GB RTX3050 4GB W11; MOUSE BRANDED; COOLINGPAD NC 32 1FAN BESAR; MOUSEPAD LOGITECH / MICROSOFT; SODIMM TEAM ELITE DDR5 8GB 5600HZ; Memo: CANDRA 082340300157,0.0,13161711.71,224729686909.98,
(4-40000) Pendapatan,20/06/2026,Sales Invoice,JL.2026.14253,OPP 22 X 30 10R #; KABEL DATA 5 PIN; KABEL DATA JETE MICRO TINY 5; SIDU F4 70; ADAPTOR ACER OR 19V 3.42A (KUNING); MOUSE VOTRE / VOXY,0.0,505000.0,224730191909.98,
(4-40000) Pendapatan,20/06/2026,Sales Invoice,JL.2026.14254,AXIOO HYPE 10 INTEL N4020 8 256 #; MOUSE VOTRE / VOXY; COOLINGPAD KEPITING; MOUSEPAD LOGITECH / MICROSOFT; Memo: RUSDAN 082359286918,0.0,4700000.0,224734891909.98,
(4-40000) Pendapatan,20/06/2026,Sales Invoice,JL.2026.14255,AXIOO HYPE 10 INTEL N4020 8 256 #; MOUSE VOTRE / VOXY; COOLINGPAD KEPITING; MOUSEPAD LOGITECH / MICROSOFT; Memo: IBU SRI 085237109893,0.0,4700000.0,224739591909.98,
(4-40000) Pendapatan,20/06/2026,Sales Invoice,JL.2026.14256,"SIDU A4 70; TINTA EPSON 003 BLACK; KERTAS BUFFALO PUTIH; OPP 16,5 X 25; STIKER NAMA UNDANGAN POLOS (103) - ( 1 PACK ISI 25 PCS ); USB WIFI TPLINK TL WN725N NANO SIZE",0.0,442500.0,224740034409.98,
(4-40000) Pendapatan,20/06/2026,Sales Invoice,JL.2026.14257,"TINTA EPSON 003 MAGENTA; KERTAS FOTO SPECTRA A3 GLOSSY; TINTA CANON ORI 790 BLACK; KERTAS 2 PLY PRS; PAPERLINE 3 PLY NCR; TINTA EPSON 003 BLACK; * KERTAS THERMAL 57 X 38 MM (EDC); KERTAS BUFFALO PUTIH; PLASTIK OPP 10,5 X 24; * STIKER NAMA UNDANGAN POLOS (103)",0.0,1429238.74,224741463648.72,
(4-40000) Pendapatan,20/06/2026,Sales Invoice,JL.2026.14258,JASA SERVICE; Memo: 085253738332,0.0,50000.0,224741513648.72,SERVICE
(4-40000) Pendapatan,20/06/2026,Sales Invoice,JL.2026.14259,"OPP 15 X 24; BLUEPRINT CANON BLACK (100ML); SIDU A4 70; OPP 15,5 X 24; OPP 22 X 30 10R #; TPLINK TL WR844N; SIDU A4 70; KABEL HDMI 1,5 METER; CONVERTER TYPE C 4 IN 1 ( HDMI, VGA, USB, TYPE C ); MOUSE M256 WIRELESS DATAFAST SILENT BT + ON OFF; BATERAI 1616; MOUSE M256 WIRELESS DATAFAST SILENT BT + ON OFF; KABEL LAN ZIMM LINK PERMETER; RJ45 TEMBUS; KABEL HDMI 1,5 METER; SIDU A4 70; TINTA EPSON 003 BLACK; BLUEPRINT KERTAS INKJET PAPER ( ISI 50 )",0.0,1098500.0,224742612148.72,
(4-40000) Pendapatan,20/06/2026,Sales Invoice,JL.2026.14260,BATERAI ACER ES1 432 AS16A8K / AS16A5K; Memo: 085205039226,0.0,500000.0,224743112148.72,
(4-40000) Pendapatan,20/06/2026,Sales Invoice,JL.2026.14261,BLUEPRINT CANON BLACK (100ML); BLUEPRINT CANON MAGENTA (100ML); BLUEPRINT CANON YELLOW (100ML); BLUEPRINT CANON CYAN (100ML),0.0,451000.0,224743563148.72,
(4-40000) Pendapatan,20/06/2026,Sales Invoice,JL.2026.14262,JASA SERVICE,0.0,30000.0,224743593148.72,SERVICE
(4-40000) Pendapatan,20/06/2026,Sales Invoice,JL.2026.14264,"AIO ASUS A3202WBAK INTEL 7305 8GB 256GB SSD 21,5"" WIN 11 #",0.0,13000000.0,224756593148.72,
(4-40000) Pendapatan,20/06/2026,Sales Invoice,JL.2026.14265,FD U2 8GB JETE,0.0,70000.0,224756663148.72,
(4-40000) Pendapatan,20/06/2026,Sales Invoice,JL.2026.14267,KEYBOARD ACER E5 471 TANPA ON OFF; SERVICE; BATERAI CMOS CR2032; BATERAI ACER E5 471 (AL14A32); * ROBOT RS180 MULTIMEDIA SPEAKER; Memo: SAKINA 085 237 084 956,0.0,808558.56,224757471707.28,SERVICE
(4-40000) Pendapatan,20/06/2026,Sales Invoice,JL.2026.14268,SIDU A4 70; MIKA JILID MERAH TUA; KERTAS BUFFALO MERAH (NO 1),0.0,271000.0,224757742707.28,
(4-40000) Pendapatan,20/06/2026,Sales Invoice,JL.2026.14269,CATRIDGE CANON 810 BLACK; BLUEPRINT CANON MAGENTA (100ML); BLUEPRINT CANON YELLOW (100ML),0.0,334000.0,224758076707.28,
(4-40000) Pendapatan,20/06/2026,Sales Invoice,JL.2026.14270,CATRDIGE CANON CA91 / BH7 (G2010); SERVICE - ROL KECIL; Memo: SYARIF 081 353 565 298,0.0,450000.0,224758526707.28,
(4-40000) Pendapatan,20/06/2026,Sales Invoice,JL.2026.14271,"PRINTER EPSON L3211 PRINT, SCAN COPY TP; PRINTER EPSON L121; TINTA EPSON 003 YELLOW; TINTA EPSON 003 BLACK",0.0,4560000.0,224763086707.28,
(4-40000) Pendapatan,20/06/2026,Sales Invoice,JL.2026.14272,KARET ROLLER BAWAH EPSON; Memo: 082340030650,0.0,100000.0,224763186707.28,
(4-40000) Pendapatan,20/06/2026,Sales Invoice,JL.2026.14273,TINTA EPSON 003 BLACK; TINTA EPSON 664 BLACK; TINTA EPSON 664 CYAN; TINTA EPSON 664 YELLOW; TINTA EPSON 664 MAGENTA; TINTA CANON ORI 790 BLACK; TINTA CANON ORI 790 CYAN; TINTA CANON ORI 790 YELLOW; TINTA CANON ORI 790 MAGENTA; TINTA CANON ORI GI - 71 BLACK; TINTA CANON ORI GI - 71 C; * TINTA CANON ORI GI - 71 Y; * TINTA CANON ORI GI - 71 M; ALFA INK CANON BLACK 100CC,0.0,4515594.59,224767702301.87,
(4-40000) Pendapatan,20/06/2026,Sales Invoice,JL.2026.14274,FD U2 JETE 16GB; CATRDIGE CANON CA91 / BH7 (G2010),0.0,435000.0,224768137301.87,
(4-40000) Pendapatan,20/06/2026,Sales Invoice,JL.2026.14276,ALFA KERTAS THERMAL 57 X 38,0.0,30000.0,224768167301.87,
(4-40000) Pendapatan,20/06/2026,Sales Invoice,JL.2026.14277,JASA SERVICE; Memo: 082340954702,0.0,50000.0,224768217301.87,SERVICE
(4-40000) Pendapatan,20/06/2026,Sales Invoice,JL.2026.14278,"LCD LAPTOP 11,6 30 PIN (KK)",0.0,350000.0,224768567301.87,
(4-40000) Pendapatan,20/06/2026,Sales Invoice,JL.2026.14279,KEYBOARD MINI BANDA / MURAGO; NOTA NCR PAPERLINE 2 PLY BESAR; CLEANER HEAD #; ALFA KERTAS THERMAL 57 X 38,0.0,144000.0,224768711301.87,
(4-40000) Pendapatan,20/06/2026,Sales Invoice,JL.2026.14280,GAMEPAD DOUBLE BLACK; KABEL LAN ZIMM LINK; PRINTER CANON G1010,0.0,4570000.0,224773281301.87,
(4-40000) Pendapatan,20/06/2026,Sales Invoice,JL.2026.14281,BLUEPRINT KERTAS FOTO STIKER A4; BLUEPRINT DOUBLE SIDED PHOTO PAPER,0.0,108000.0,224773389301.87,
(4-40000) Pendapatan,20/06/2026,Sales Invoice,JL.2026.14282,STIKER NAMA UNDANGAN POLOS (103) - ( 1 PACK ISI 25 PCS ); BLUEPRINT KERTAS INKJET PAPER ( ISI 50 ),0.0,110800.0,224773500101.87,
(4-40000) Pendapatan,20/06/2026,Sales Invoice,JL.2026.14283,BATERAI LAPTOP ASUS X441,0.0,400000.0,224773900101.87,
(4-40000) Pendapatan,20/06/2026,Sales Invoice,JL.2026.14284,"PRINTER EPSON L3211 PRINT, SCAN COPY TP; Memo: IWAN 082340887319",0.0,2225000.0,224776125101.87,
(4-40000) Pendapatan,20/06/2026,Sales Invoice,JL.2026.14285,* ROBOT HUB USB H140-80,0.0,58558.56,224776183660.43,
(4-40000) Pendapatan,20/06/2026,Sales Invoice,JL.2026.14286,JASA SERVICE; Memo: 085183939281,0.0,50000.0,224776233660.43,SERVICE
(4-40000) Pendapatan,20/06/2026,Sales Invoice,JL.2026.14287,JASA SERVICE; Memo: 085338965697,0.0,150000.0,224776383660.43,SERVICE
(4-40000) Pendapatan,20/06/2026,Sales Invoice,JL.2026.14288,SIDU F4 70,0.0,47000.0,224776430660.43,
(4-40000) Pendapatan,20/06/2026,Sales Invoice,JL.2026.14289,"AXIOO HYPE 1 N4020 4GB 128GB WIN 11 14"" #; MOUSE VOTRE / VOXY; COOLINGPAD KEPITING; MOUSEPAD LOGITECH / MICROSOFT; Memo: ZELSI 082324725886",0.0,3900000.0,224780330660.43,
(4-40000) Pendapatan,20/06/2026,Sales Invoice,JL.2026.14290,"AXIOO HYPE 1 N4020 4GB 128GB WIN 11 14"" #; MOUSE VOTRE / VOXY; COOLINGPAD KEPITING; MOUSEPAD LOGITECH / MICROSOFT; Memo: IGEL 081935042497",0.0,3900000.0,224784230660.43,
(4-40000) Pendapatan,20/06/2026,Sales Invoice,JL.2026.14291,FD U2 JETE 32GB,0.0,120000.0,224784350660.43,
(4-40000) Pendapatan,20/06/2026,Sales Invoice,JL.2026.14292,Acer Aspire Go 14 AG14 Core 5 120U 16GB(2x8) DDR4 512GB SSD W11; MOUSE WIRELESS BANDA; COOLINGPAD KEPITING; MOUSEPAD LOGITECH / MICROSOFT; * PRINTER CANON G2010 PSC; Memo: 082359075705 IBU TRI BELO,0.0,11926576.58,224796277237.0,
(4-40000) Pendapatan,20/06/2026,Sales Invoice,JL.2026.14293,OTG TYPE C,0.0,20000.0,224796297237.0,
(4-40000) Pendapatan,20/06/2026,Sales Invoice,JL.2026.14294,ALFA INK TONER BROTHER 500 GRAM,0.0,180000.0,224796477237.0,
(4-40000) Pendapatan,20/06/2026,Sales Invoice,JL.2026.14295,KABEL LAN ZIMM LINK PERMETER,0.0,60000.0,224796537237.0,
(4-40000) Pendapatan,20/06/2026,Sales Invoice,JL.2026.14296,JASA SERVICE,0.0,100000.0,224796637237.0,SERVICE
(4-40000) Pendapatan,20/06/2026,Sales Invoice,JL.2026.14297,JASA SERVICE; Memo: 081237054884,0.0,50000.0,224796687237.0,SERVICE
(4-40000) Pendapatan,20/06/2026,Sales Invoice,JL.2026.14298,SIDU A4 70,0.0,210000.0,224796897237.0,
(4-40000) Pendapatan,20/06/2026,Sales Invoice,JL.2026.14299,CONVERTER FIBER OPTIC TO LAN HTB 3100 A; KABEL LAN ZIMM LINK PERMETER; RJ45 TEMBUS,0.0,290000.0,224797187237.0,
(4-40000) Pendapatan,20/06/2026,Sales Invoice,JL.2026.14300,* STIKER NAMA UNDANGAN POLOS (103),0.0,63063.06,224797250300.07,
(4-40000) Pendapatan,20/06/2026,Sales Invoice,JL.2026.14301,BATERAI CMOS CR2032,0.0,15000.0,224797265300.07,
(4-40000) Pendapatan,20/06/2026,Sales Invoice,JL.2026.14302,BINGKAI FOTO 20X30 (10R JUMBO); OPP 22 X 30 10R #; ADAPTOR ACER 12 - 3A 3.5 X 1.35 N100,0.0,585000.0,224797850300.07,
(4-40000) Pendapatan,20/06/2026,Sales Invoice,JL.2026.14303,PRINTER CANON G1010; Memo: IBU MANAH 082341177796,0.0,1200000.0,224799050300.07,
(4-40000) Pendapatan,20/06/2026,Sales Invoice,JL.2026.14305,BINGKAI FOTO 20X30 (10R JUMBO); BINGKAI FOTO 12R; CATRIDGE CANON 811 COLOUR; BINGKAI FOTO 20X30 (10R JUMBO); BINGKAI FOTO 12R,0.0,740000.0,224799790300.07,
(4-40000) Pendapatan,20/06/2026,Sales Invoice,JL.2026.14306,"UNDANGAN LIBRA 15 COKLAT; PLASTIK OPP 10,5 X 24; STIKER NAMA UNDANGAN POLOS (103) - ( 1 PACK ISI 25 PCS ); TINTA EPSON 003 BLACK",0.0,145400.0,224799935700.07,
(4-40000) Pendapatan,20/06/2026,Sales Invoice,JL.2026.14307,KONEKTOR BNC CCTV; KONEKTOR DC MALE,0.0,12000.0,224799947700.07,
(4-40000) Pendapatan,20/06/2026,Sales Invoice,JL.2026.14308,KABEL HDMI 15 METER; HDMI SPLITER 4 PORT,0.0,440000.0,224800387700.07,
(4-40100) Diskon Penjualan,19/06/2026,Saldo Awal,"","",0.0,0.0,-215759962.81,
(5-50000) Beban Pokok Pendapatan,19/06/2026,Saldo Awal,"","",0.0,0.0,197896552659.04,
(5-50000) Beban Pokok Pendapatan,20/06/2026,Sales Invoice,JL.2026.14245,CCTV CAM DAHUA HAC-T1A21 IR BULLET (INDOOR);CCTV CAM DAHUA HAC B1A21 IR BULLET (OUTDOOR),729999.4,0.0,197897282658.43,
(5-50000) Beban Pokok Pendapatan,20/06/2026,Sales Invoice,JL.2026.14246,KERTAS FOTO SPECTRA SILKY 260;TINTA CANON ORI 790 CYAN;TINTA CANON ORI 790 MAGENTA;TINTA CANON ORI 790 YELLOW,1440909.01,0.0,197898723567.45,
(5-50000) Beban Pokok Pendapatan,20/06/2026,Sales Invoice,JL.2026.14247,* PRINTER CANON G2010 PSC. Memo: TOMI 082 340 365 128,1440090.09,0.0,197900163657.54,
(5-50000) Beban Pokok Pendapatan,20/06/2026,Sales Invoice,JL.2026.14248,CCTV DVR DAHUA DH-XVR1B04-I 4CH - M,529380.99,0.0,197900693038.53,
(5-50000) Beban Pokok Pendapatan,20/06/2026,Sales Invoice,JL.2026.14249,KABEL CCTV PERMETER,23333.33,0.0,197900716371.86,
(5-50000) Beban Pokok Pendapatan,20/06/2026,Sales Invoice,JL.2026.14250,KERTAS FOTO DATA PRINT GLOSSY 230 GSM (BURUNG);ALFA INK ECO TANK EPSON BLACK;CATRIDGE CANON CA92 / CH7 (G2010);OPP 30 X 40 PLASTIK A3;OPP 22 X 30 10R #;EARPHONE JETE CLASSIC 2,457663.94,0.0,197901174035.8,
(5-50000) Beban Pokok Pendapatan,20/06/2026,Sales Invoice,JL.2026.14251,BLUEPRINT CANON MAGENTA (100ML);BLUEPRINT CANON CYAN (100ML);BLUEPRINT CANON YELLOW (100ML),112596.01,0.0,197901286631.81,
(5-50000) Beban Pokok Pendapatan,20/06/2026,Sales Invoice,JL.2026.14252,* ASUS TUF Gaming A15 FA506NCG AMD Ryzen 7 7445HS 16GB DDR5 512GB RTX3050 4GB W11;MOUSE BRANDED;COOLINGPAD NC 32 1FAN BESAR;MOUSEPAD LOGITECH / MICROSOFT;SODIMM TEAM ELITE DDR5 8GB 5600HZ. Memo: CANDRA 082340300157,11687746.41,0.0,197912974378.22,
(5-50000) Beban Pokok Pendapatan,20/06/2026,Sales Invoice,JL.2026.14253,OPP 22 X 30 10R #;KABEL DATA 5 PIN;KABEL DATA JETE MICRO TINY 5;SIDU F4 70;ADAPTOR ACER OR 19V 3.42A (KUNING);MOUSE VOTRE / VOXY,337594.06,0.0,197913311972.28,
(5-50000) Beban Pokok Pendapatan,20/06/2026,Sales Invoice,JL.2026.14254,AXIOO HYPE 10 INTEL N4020 8 256 #;MOUSE VOTRE / VOXY;COOLINGPAD KEPITING;MOUSEPAD LOGITECH / MICROSOFT. Memo: RUSDAN 082359286918,4206145.03,0.0,197917518117.31,
(5-50000) Beban Pokok Pendapatan,20/06/2026,Sales Invoice,JL.2026.14255,AXIOO HYPE 10 INTEL N4020 8 256 #;MOUSE VOTRE / VOXY;COOLINGPAD KEPITING;MOUSEPAD LOGITECH / MICROSOFT. Memo: IBU SRI 085237109893,4206145.03,0.0,197921724262.33,
(5-50000) Beban Pokok Pendapatan,20/06/2026,Sales Invoice,JL.2026.14256,"SIDU A4 70;TINTA EPSON 003 BLACK;KERTAS BUFFALO PUTIH;OPP 16,5 X 25;STIKER NAMA UNDANGAN POLOS (103) - ( 1 PACK ISI 25 PCS );USB WIFI TPLINK TL WN725N NANO SIZE",376863.86,0.0,197922101126.19,
(5-50000) Beban Pokok Pendapatan,20/06/2026,Sales Invoice,JL.2026.14257,"TINTA EPSON 003 MAGENTA;KERTAS FOTO SPECTRA A3 GLOSSY;TINTA CANON ORI 790 BLACK;KERTAS 2 PLY PRS;PAPERLINE 3 PLY NCR;TINTA EPSON 003 BLACK;* KERTAS THERMAL 57 X 38 MM (EDC);KERTAS BUFFALO PUTIH;PLASTIK OPP 10,5 X 24;* STIKER NAMA UNDANGAN POLOS (103)",1248438.98,0.0,197923349565.17,
(5-50000) Beban Pokok Pendapatan,20/06/2026,Sales Invoice,JL.2026.14259,"OPP 15 X 24;BLUEPRINT CANON BLACK (100ML);SIDU A4 70;OPP 15,5 X 24;OPP 22 X 30 10R #;TPLINK TL WR844N;SIDU A4 70;KABEL HDMI 1,5 METER;CONVERTER TYPE C 4 IN 1 ( HDMI, VGA, USB, TYPE C );MOUSE M256 WIRELESS DATAFAST SILENT BT + ON OFF;BATERAI 1616;MOUSE M256 WIRELESS DATAFAST SILENT BT + ON OFF;RJ45 TEMBUS;KABEL HDMI 1,5 METER;SIDU A4 70;TINTA EPSON 003 BLACK;BLUEPRINT KERTAS INKJET PAPER ( ISI 50 )",739226.56,0.0,197924088791.73,
(5-50000) Beban Pokok Pendapatan,20/06/2026,Sales Invoice,JL.2026.14260,BATERAI ACER ES1 432 AS16A8K / AS16A5K. Memo: 085205039226,220000.0,0.0,197924308791.73,
(5-50000) Beban Pokok Pendapatan,20/06/2026,Sales Invoice,JL.2026.14261,BLUEPRINT CANON BLACK (100ML);BLUEPRINT CANON MAGENTA (100ML);BLUEPRINT CANON YELLOW (100ML);BLUEPRINT CANON CYAN (100ML),415192.01,0.0,197924723983.75,
(5-50000) Beban Pokok Pendapatan,20/06/2026,Sales Invoice,JL.2026.14264,"AIO ASUS A3202WBAK INTEL 7305 8GB 256GB SSD 21,5"" WIN 11 #",11580000.0,0.0,197936303983.75,
(5-50000) Beban Pokok Pendapatan,20/06/2026,Sales Invoice,JL.2026.14265,FD U2 8GB JETE,47808.01,0.0,197936351791.76,
(5-50000) Beban Pokok Pendapatan,20/06/2026,Sales Invoice,JL.2026.14266,* ACER ASPIRE LITE AL14 N150 8GB 512GB SSD WIN 11;COOLINGPAD KEPITING;MOUSEPAD LOGITECH / MICROSOFT;MOUSE VOTRE / VOXY. Memo: FAIRUS 087 858 417 326,4559477.61,0.0,197940911269.37,
(5-50000) Beban Pokok Pendapatan,20/06/2026,Sales Invoice,JL.2026.14267,KEYBOARD ACER E5 471 TANPA ON OFF;BATERAI CMOS CR2032;BATERAI ACER E5 471 (AL14A32);* ROBOT RS180 MULTIMEDIA SPEAKER. Memo: SAKINA 085 237 084 956,375823.14,0.0,197941287092.51,SERVICE
(5-50000) Beban Pokok Pendapatan,20/06/2026,Sales Invoice,JL.2026.14268,SIDU A4 70;MIKA JILID MERAH TUA;KERTAS BUFFALO MERAH (NO 1),247526.65,0.0,197941534619.16,
(5-50000) Beban Pokok Pendapatan,20/06/2026,Sales Invoice,JL.2026.14269,CATRIDGE CANON 810 BLACK;BLUEPRINT CANON MAGENTA (100ML);BLUEPRINT CANON YELLOW (100ML),300752.58,0.0,197941835371.74,
(5-50000) Beban Pokok Pendapatan,20/06/2026,Sales Invoice,JL.2026.14270,CATRDIGE CANON CA91 / BH7 (G2010),278000.0,0.0,197942113371.74,
(5-50000) Beban Pokok Pendapatan,20/06/2026,Sales Invoice,JL.2026.14271,"PRINTER EPSON L3211 PRINT, SCAN COPY TP;PRINTER EPSON L121;TINTA EPSON 003 YELLOW;TINTA EPSON 003 BLACK",4297335.25,0.0,197946410706.99,
(5-50000) Beban Pokok Pendapatan,20/06/2026,Sales Invoice,JL.2026.14272,KARET ROLLER BAWAH EPSON. Memo: 082340030650,3000.0,0.0,197946413706.99,
(5-50000) Beban Pokok Pendapatan,20/06/2026,Sales Invoice,JL.2026.14273,TINTA EPSON 003 BLACK;TINTA EPSON 664 BLACK;TINTA EPSON 664 CYAN;TINTA EPSON 664 YELLOW;TINTA EPSON 664 MAGENTA;TINTA CANON ORI 790 BLACK;TINTA CANON ORI 790 CYAN;TINTA CANON ORI 790 YELLOW;TINTA CANON ORI 790 MAGENTA;TINTA CANON ORI GI - 71 BLACK;TINTA CANON ORI GI - 71 C;* TINTA CANON ORI GI - 71 Y;* TINTA CANON ORI GI - 71 M;ALFA INK CANON BLACK 100CC,4106855.26,0.0,197950520562.25,
(5-50000) Beban Pokok Pendapatan,20/06/2026,Sales Invoice,JL.2026.14274,FD U2 JETE 16GB;CATRDIGE CANON CA91 / BH7 (G2010),336296.3,0.0,197950856858.55,
(5-50000) Beban Pokok Pendapatan,20/06/2026,Sales Invoice,JL.2026.14276,ALFA KERTAS THERMAL 57 X 38,23800.0,0.0,197950880658.55,
(5-50000) Beban Pokok Pendapatan,20/06/2026,Sales Invoice,JL.2026.14278,"LCD LAPTOP 11,6 30 PIN (KK)",234567.14,0.0,197951115225.69,
(5-50000) Beban Pokok Pendapatan,20/06/2026,Sales Invoice,JL.2026.14279,KEYBOARD MINI BANDA / MURAGO;NOTA NCR PAPERLINE 2 PLY BESAR;CLEANER HEAD #;ALFA KERTAS THERMAL 57 X 38,105598.32,0.0,197951220824.01,
(5-50000) Beban Pokok Pendapatan,20/06/2026,Sales Invoice,JL.2026.14280,GAMEPAD DOUBLE BLACK;KABEL LAN ZIMM LINK;PRINTER CANON G1010,4105186.5,0.0,197955326010.51,
(5-50000) Beban Pokok Pendapatan,20/06/2026,Sales Invoice,JL.2026.14281,BLUEPRINT KERTAS FOTO STIKER A4;BLUEPRINT DOUBLE SIDED PHOTO PAPER,84526.79,0.0,197955410537.29,
(5-50000) Beban Pokok Pendapatan,20/06/2026,Sales Invoice,JL.2026.14282,STIKER NAMA UNDANGAN POLOS (103) - ( 1 PACK ISI 25 PCS );BLUEPRINT KERTAS INKJET PAPER ( ISI 50 ),88236.53,0.0,197955498773.82,
(5-50000) Beban Pokok Pendapatan,20/06/2026,Sales Invoice,JL.2026.14283,BATERAI LAPTOP ASUS X441,200000.0,0.0,197955698773.82,
(5-50000) Beban Pokok Pendapatan,20/06/2026,Sales Invoice,JL.2026.14284,"PRINTER EPSON L3211 PRINT, SCAN COPY TP. Memo: IWAN 082340887319",2047820.84,0.0,197957746594.67,
(5-50000) Beban Pokok Pendapatan,20/06/2026,Sales Invoice,JL.2026.14285,* ROBOT HUB USB H140-80,31954.23,0.0,197957778548.89,
(5-50000) Beban Pokok Pendapatan,20/06/2026,Sales Invoice,JL.2026.14288,SIDU F4 70,44332.83,0.0,197957822881.73,
(5-50000) Beban Pokok Pendapatan,20/06/2026,Sales Invoice,JL.2026.14289,"AXIOO HYPE 1 N4020 4GB 128GB WIN 11 14"" #;MOUSE VOTRE / VOXY;COOLINGPAD KEPITING;MOUSEPAD LOGITECH / MICROSOFT. Memo: ZELSI 082324725886",3624413.18,0.0,197961447294.91,
(5-50000) Beban Pokok Pendapatan,20/06/2026,Sales Invoice,JL.2026.14290,"AXIOO HYPE 1 N4020 4GB 128GB WIN 11 14"" #;MOUSE VOTRE / VOXY;COOLINGPAD KEPITING;MOUSEPAD LOGITECH / MICROSOFT. Memo: IGEL 081935042497",3624413.18,0.0,197965071708.09,
(5-50000) Beban Pokok Pendapatan,20/06/2026,Sales Invoice,JL.2026.14291,FD U2 JETE 32GB,63793.01,0.0,197965135501.11,
(5-50000) Beban Pokok Pendapatan,20/06/2026,Sales Invoice,JL.2026.14292,Acer Aspire Go 14 AG14 Core 5 120U 16GB(2x8) DDR4 512GB SSD W11;MOUSE WIRELESS BANDA;COOLINGPAD KEPITING;MOUSEPAD LOGITECH / MICROSOFT;* PRINTER CANON G2010 PSC. Memo: 082359075705 IBU TRI BELO,11084075.26,0.0,197976219576.37,
(5-50000) Beban Pokok Pendapatan,20/06/2026,Sales Invoice,JL.2026.14293,OTG TYPE C,6057.31,0.0,197976225633.67,
(5-50000) Beban Pokok Pendapatan,20/06/2026,Sales Invoice,JL.2026.14294,ALFA INK TONER BROTHER 500 GRAM,155775.0,0.0,197976381408.68,
(5-50000) Beban Pokok Pendapatan,20/06/2026,Sales Invoice,JL.2026.14298,SIDU A4 70,196129.85,0.0,197976577538.53,
(5-50000) Beban Pokok Pendapatan,20/06/2026,Sales Invoice,JL.2026.14299,CONVERTER FIBER OPTIC TO LAN HTB 3100 A;RJ45 TEMBUS,182781.01,0.0,197976760319.53,
(5-50000) Beban Pokok Pendapatan,20/06/2026,Sales Invoice,JL.2026.14300,* STIKER NAMA UNDANGAN POLOS (103),49549.55,0.0,197976809869.08,
(5-50000) Beban Pokok Pendapatan,20/06/2026,Sales Invoice,JL.2026.14301,BATERAI CMOS CR2032,10500.0,0.0,197976820369.08,
(5-50000) Beban Pokok Pendapatan,20/06/2026,Sales Invoice,JL.2026.14302,BINGKAI FOTO 20X30 (10R JUMBO);OPP 22 X 30 10R #;ADAPTOR ACER 12 - 3A 3.5 X 1.35 N100,369658.53,0.0,197977190027.61,
(5-50000) Beban Pokok Pendapatan,20/06/2026,Sales Invoice,JL.2026.14303,PRINTER CANON G1010. Memo: IBU MANAH 082341177796,1051842.11,0.0,197978241869.72,
(5-50000) Beban Pokok Pendapatan,20/06/2026,Sales Invoice,JL.2026.14305,BINGKAI FOTO 20X30 (10R JUMBO);BINGKAI FOTO 12R;CATRIDGE CANON 811 COLOUR;BINGKAI FOTO 20X30 (10R JUMBO);BINGKAI FOTO 12R,491200.25,0.0,197978733069.97,
(5-50000) Beban Pokok Pendapatan,20/06/2026,Sales Invoice,JL.2026.14306,"UNDANGAN LIBRA 15 COKLAT;PLASTIK OPP 10,5 X 24;STIKER NAMA UNDANGAN POLOS (103) - ( 1 PACK ISI 25 PCS );TINTA EPSON 003 BLACK",124580.93,0.0,197978857650.9,
(5-50000) Beban Pokok Pendapatan,20/06/2026,Sales Invoice,JL.2026.14307,KONEKTOR BNC CCTV;KONEKTOR DC MALE,7876.21,0.0,197978865527.11,
(5-50000) Beban Pokok Pendapatan,20/06/2026,Sales Invoice,JL.2026.14308,KABEL HDMI 15 METER;HDMI SPLITER 4 PORT,200972.8,0.0,197979066499.91,
(5-50201) BPJS KESEHATAN,19/06/2026,Saldo Awal,"","",0.0,0.0,445000.0,
(5-50202) pajak cv,19/06/2026,Saldo Awal,"","",0.0,0.0,32116231.0,
(5-50203) PROGRAM TOKO,19/06/2026,Saldo Awal,"","",0.0,0.0,3995804.0,
(5-50204) KONSULTAN PAJAK,19/06/2026,Saldo Awal,"","",0.0,0.0,57600000.0,
(5-50300) Pengiriman & Pengangkutan,19/06/2026,Saldo Awal,"","",0.0,0.0,13141378.56,
(6-60101) Gaji,19/06/2026,Saldo Awal,"","",0.0,0.0,3200000.0,
(6-60217) PAJAK,19/06/2026,Saldo Awal,"","",0.0,0.0,1004043.0,
(6-60301) Alat Tulis Kantor & Printing,19/06/2026,Saldo Awal,"","",0.0,0.0,154545.45,
(7-70003) Rounding,19/06/2026,Saldo Awal,"","",0.0,0.0,0.0,
(7-70003) Rounding,20/06/2026,Sales Invoice,JL.2026.14273,Rounding for transaction #JL.2026.14273,0.0,0.0,0.0,
(7-70099) Pendapatan Lain - lain,19/06/2026,Saldo Awal,"","",0.0,0.0,29646325.0,
(8-80003) telkom,19/06/2026,Saldo Awal,"","",0.0,0.0,30682495.0,
(8-80004) PDAM,19/06/2026,Saldo Awal,"","",0.0,0.0,1326622.0,
(8-80005) PLN,19/06/2026,Saldo Awal,"","",0.0,0.0,13247678.0,
(8-80100) Penyesuaian Persediaan,19/06/2026,Saldo Awal,"","",0.0,0.0,-45248958.34,
(9-90000) Beban Pajak - Kini,19/06/2026,Saldo Awal,"","",0.0,0.0,675773712.0,
