Tanggal,Tipe Transaksi,Nomor Transaksi,Nama Panggilan,Status Hari Ini,Memo,Total,Sisa Tagihan,Tanggal Jatuh Tempo,Jumlah Kena Pajak,Total Pajak,Pembayaran,Email,Alamat Penagihan,Alamat Pengiriman,No Ref,Tag,Gudang,Nama Produk,Kode Produk,Deskripsi,Kuantitas,Satuan,Harga per Unit,Diskon Per Baris %,Tarif Pajak,Jumlah Pajak,Jumlah Kena Pajak per Baris,Jumlah Per Baris,Diskon,Pesan,Biaya Pengiriman,Jumlah Pemotongan,Nama Perusahaan,Nomor Pajak,Nomor Ponsel,Nomor Telepon,Sisa Tagihan Hari Ini,Diskon %
07/07/2025,Faktur Penjualan,PN.20213 544,PAK SELAMET,Lewat Jatuh Tempo,"",21400000.0,400000.0,06/08/2025,21400000.0,0.0,21000000.0,"","","","","","",KEDELE IMPORT,"",40 KARUNG ,2000.0,KG,10700.0,0.00 %,"",0.0,21400000.0,21400000.0,0.0,"10JT VIA GENTA 16 02 26

11JT VIA GENTA 31 03 26",0.0,0.0,"","","","",400000.0,0.0
13/07/2025,Faktur Penjualan,PN.20213 553,PAK SELAMET,Lewat Jatuh Tempo,POTONG SAPI 15JT QURBAN 2026,21400000.0,6400000.0,12/08/2025,21400000.0,0.0,15000000.0,"","","","","","",KEDELE IMPORT,"",40 KARUNG ,2000.0,KG,10700.0,0.00 %,"",0.0,21400000.0,21400000.0,0.0,"",0.0,0.0,"","","","",6400000.0,0.0
19/07/2025,Faktur Penjualan,PN.20213 560,PAK SELAMET,Lewat Jatuh Tempo,"VIA GENTA 9,2JT TGL 11 06 26 ",10700000.0,10700000.0,18/08/2025,10700000.0,0.0,9200000.0,"","","","","","",KEDELE IMPORT,"",20 KARUNG ,1000.0,KG,10700.0,0.00 %,"",0.0,10700000.0,10700000.0,0.0,"",0.0,0.0,"","","","",1500000.0,0.0
27/07/2025,Faktur Penjualan,PN.20213 571,PAK SELAMET,Lewat Jatuh Tempo,"",21400000.0,7400000.0,26/08/2025,21400000.0,0.0,14000000.0,"","","","","","",KEDELE IMPORT,"",40 KARUNG ,2000.0,KG,10700.0,0.00 %,"",0.0,21400000.0,21400000.0,0.0,"",0.0,0.0,"","","","",7400000.0,0.0
20/08/2025,Faktur Penjualan,PN.20213 600,PAK SELAMET,Lewat Jatuh Tempo,"",21200000.0,21200000.0,19/09/2025,21200000.0,0.0,0.0,"","","","","","",KEDELE IMPORT,"",40 KARUNG ,2000.0,KG,10600.0,0.00 %,"",0.0,21200000.0,21200000.0,0.0,"",0.0,0.0,"","","","",21200000.0,0.0
07/09/2025,Faktur Penjualan,PN.20213 626,PAK SELAMET,Lewat Jatuh Tempo,"",10600000.0,10600000.0,07/10/2025,10600000.0,0.0,0.0,"","","","","","",KEDELE IMPORT,"",20 KARUNG ,1000.0,KG,10600.0,0.00 %,"",0.0,10600000.0,10600000.0,0.0,"",0.0,0.0,"","","","",10600000.0,0.0
13/09/2025,Faktur Penjualan,PN.20213 636,PAK SELAMET,Lewat Jatuh Tempo,"",20400000.0,20400000.0,13/10/2025,20400000.0,0.0,0.0,"","","","","","",KEDELE IMPORT,"",40 KARUNG ,2000.0,KG,10200.0,0.00 %,"",0.0,20400000.0,20400000.0,0.0,"",0.0,0.0,"","","","",20400000.0,0.0
17/10/2025,Faktur Penjualan,PN.20213 664,PAK SELAMET,Lewat Jatuh Tempo,"",20400000.0,20400000.0,16/11/2025,20400000.0,0.0,0.0,"","","","","","",KEDELE IMPORT,"",40 KARUNG ,2000.0,KG,10200.0,0.00 %,"",0.0,20400000.0,20400000.0,0.0,"",0.0,0.0,"","","","",20400000.0,0.0
09/12/2025,Faktur Penjualan,PN.20213 729,PAK SELAMET,Lewat Jatuh Tempo,"",21000000.0,21000000.0,08/01/2026,21000000.0,0.0,0.0,"","","","","","",KEDELE IMPORT,"",40 KARUNG ,2000.0,KG,10500.0,0.00 %,"",0.0,21000000.0,21000000.0,0.0,"",0.0,0.0,"","","","",21000000.0,0.0
